,#,Actions,Code RNE,Appellation,Secteur,Code Postal,Maternelle,Elementaire,Telephone,Web,Mail,Nombre d'élèves,Mode Constructif,Nb élèves par classe,Categorie ERP,Avis de la commission,Effectif Public (CSI),Effectif Personnel (CSI)
,001,"<span data-column-name=""view"" class=""operation-item"">",0130753Y,Ecole élémentaire d'application Montée des Accoules,Public,13002,,,0491906651,,ce.0130753Y@ac-aix-marseille.fr,134,Maison d’Ecole,9,4,DEFAVORABLE,180,16
,002,"<span data-column-name=""view"" class=""operation-item"">",0130630P,Ecole élémentaire d'application Saint Charles 1,Public,13003,,,0491502486,,ce.0130630P@ac-aix-marseille.fr,128,Eger ou rationalise 1950/1960,9,4,DEFAVORABLE,291,31
,003,"<span data-column-name=""view"" class=""operation-item"">",0130710B,Ecole élémentaire d'application Corderie,Public,13007,,,0491337060,,ce.0130710B@ac-aix-marseille.fr,183,Eger ou rationalise 1950/1960,14,3,FAVORABLE,587,59
,004,"<span data-column-name=""view"" class=""operation-item"">",0132183C,Ecole élémentaire Rose Frais Vallon Sud,Public,13013,,,0491661496,,ce.0132183C@ac-aix-marseille.fr,154,Autre industrialise & hors modèle,14,4,FAVORABLE,101,11
,005,"<span data-column-name=""view"" class=""operation-item"">",0130536M,Ecole élémentaire La Cabucelle,Public,13015,,,0491586415,,ce.0130536M@ac-aix-marseille.fr,275,Ferry jusqu’en 1936,16,NULL,NULL,NULL,NULL
,006,"<span data-column-name=""view"" class=""operation-item"">",0130551D,Ecole élémentaire Cité Michelis 1,Public,13011,,,0491447329,,ce.0130551D@ac-aix-marseille.fr,199,Eger ou rationalise 1950/1960,26,3,FAVORABLE,399,46
,007,"<span data-column-name=""view"" class=""operation-item"">",0130609S,Ecole élémentaire Pont de Vivaux Saccoman,Public,13010,,,0491796659,,ce.0130609S@ac-aix-marseille.fr,325,Eger ou rationalise 1950/1960,21,3,FAVORABLE,383,36
,008,"<span data-column-name=""view"" class=""operation-item"">",0130531G,Ecole élémentaire Boisson,Public,13004,,,0491347391,,ce.0130531G@ac-aix-marseille.fr,155,Ferry jusqu’en 1936,24,4,FAVORABLE,157,8
,009,"<span data-column-name=""view"" class=""operation-item"">",0130537N,Ecole élémentaire Caillols,Public,13012,,,0491932345,,ce.0130537N@ac-aix-marseille.fr,270,Eger ou rationalise 1950/1960,25,4,DEFAVORABLE,272,22
,010,"<span data-column-name=""view"" class=""operation-item"">",0130541T,Ecole élémentaire Canet Ambrosini,Public,13014,,,0491673653,,ce.0130541T@ac-aix-marseille.fr,223,Eger ou rationalise 1950/1960,17,3,FAVORABLE,389,25
,011,"<span data-column-name=""view"" class=""operation-item"">",0130548A,Ecole élémentaire Chateaubriand,Public,13007,,,0491520807,,ce.0130548A@ac-aix-marseille.fr,129,Front populaire 1936/1938,23,4,DEFAVORABLE,135,16
,012,"<span data-column-name=""view"" class=""operation-item"">",0130553F,Ecole élémentaire Clair Soleil,Public,13014,,,0491672709,,ce.0130553F@ac-aix-marseille.fr,208,Eger ou rationalise 1950/1960,17,2,FAVORABLE,664,97
,013,"<span data-column-name=""view"" class=""operation-item"">",0130554G,Ecole élémentaire Coin Joli,Public,13009,,,0491755200,,ce.0130554G@ac-aix-marseille.fr,235,Eger ou rationalise 1950/1960,25,4,FAVORABLE,196,20
,014,"<span data-column-name=""view"" class=""operation-item"">",0130558L,Ecole élémentaire Jean Fiolle,Public,13006,,,0491377802,,ce.0130558L@ac-aix-marseille.fr,376,Conventionnelle et autres,18,3,FAVORABLE,367,35
,015,"<span data-column-name=""view"" class=""operation-item"">",0130561P,Ecole élémentaire Estaque Gare,Public,13016,,,0491036655,,ce.0130561P@ac-aix-marseille.fr,164,Ferry jusqu’en 1936,22,4,FAVORABLE,244,18
,016,"<span data-column-name=""view"" class=""operation-item"">",0130574D,Ecole élémentaire Hozier,Public,13002,,,0491905350,,ce.0130574D@ac-aix-marseille.fr,213,Ferry jusqu’en 1936,15,3,FAVORABLE,200,20
,017,"<span data-column-name=""view"" class=""operation-item"">",0130576F,Ecole élémentaire Jean Mermoz,Public,13008,,,0491761517,,ce.0130576F@ac-aix-marseille.fr,296,Ferry jusqu’en 1936,25,3,DEFAVORABLE,303,25
,018,"<span data-column-name=""view"" class=""operation-item"">",0130589V,Ecole élémentaire Menpenti,Public,13010,,,0491797951,,ce.0130589V@ac-aix-marseille.fr,289,Maison d’Ecole,26,3,FAVORABLE,516,44
,019,"<span data-column-name=""view"" class=""operation-item"">",0130603K,Ecole élémentaire La Pauline,Public,13009,,,0491755255,,ce.0130603K@ac-aix-marseille.fr,200,Eger ou rationalise 1950/1960,25,4,FAVORABLE,331,18
,020,"<span data-column-name=""view"" class=""operation-item"">",0130606N,Ecole elementaire Pointe Rouge,Public,13008,,,0491733566,,ce.0130606N@ac-aix-marseille.fr,340,Eger ou rationalise 1950/1960,25,4,FAVORABLE,375,28
,021,"<span data-column-name=""view"" class=""operation-item"">",0130617A,Ecole élémentaire Rose Sauvagine,Public,13013,,,0491663832,,ce.0130617A@ac-aix-marseille.fr,154,Eger ou rationalise 1950/1960,23,4,FAVORABLE,226,20
,022,"<span data-column-name=""view"" class=""operation-item"">",0130618B,Ecole élémentaire La Rose Saint Théodore,Public,13013,,,0491660087,,ce.0130618B@ac-aix-marseille.fr,111,Eger ou rationalise 1950/1960,19,5,FAVORABLE,110,10
,023,"<span data-column-name=""view"" class=""operation-item"">",0130633T,Ecole élémentaire La Fourragère,Public,13012,,,0491930057,,ce.0130633T@ac-aix-marseille.fr,272,Conventionnelle et autres,22,3,FAVORABLE,418,39
,024,"<span data-column-name=""view"" class=""operation-item"">",0130640A,Ecole élémentaire Saint-Just Corot,Public,13013,,,0491663973,,ce.0130640A@ac-aix-marseille.fr,280,Eger ou rationalise 1950/1960,19,3,DEFAVORABLE,294,32
,025,"<span data-column-name=""view"" class=""operation-item"">",0130651M,Ecole élémentaire Sainte-Anne,Public,13008,,,0491761737,,ce.0130651M@ac-aix-marseille.fr,356,Eger ou rationalise 1950/1960,25,3,FAVORABLE,366,35
,026,"<span data-column-name=""view"" class=""operation-item"">",0130653P,Ecole élémentaire Sainte-Marguerite,Public,13009,,,0491755184,,ce.0130653P@ac-aix-marseille.fr,155,Conventionnelle et autres,26,NULL,NULL,NULL,NULL
,027,"<span data-column-name=""view"" class=""operation-item"">",0130670H,Ecole élémentaire Viste Bousquet,Public,13015,,,0491600921,,ce.0130670H@ac-aix-marseille.fr,342,Eger ou rationalise 1950/1960,17,3,FAVORABLE,573,38
,028,"<span data-column-name=""view"" class=""operation-item"">",0130672K,Ecole élémentaire des Abeilles,Public,13001,,,0491059025,,ce.0130672K@ac-aix-marseille.fr,255,Maison d’Ecole,22,4,FAVORABLE,240,19
,029,"<span data-column-name=""view"" class=""operation-item"">",0130687B,Ecole élémentaire Bois Luzy,Public,13012,,,0491932127,,ce.0130687B@ac-aix-marseille.fr,261,Eger ou rationalise 1950/1960,23,4,FAVORABLE,252,24
,030,"<span data-column-name=""view"" class=""operation-item"">",0130806F,Ecole élémentaire Saint Savournin barthelemy,Public,13001,,,0491531060,,ce.0130806F@ac-aix-marseille.fr,194,Maison d’Ecole,26,4,DEFAVORABLE,216,18
,031,"<span data-column-name=""view"" class=""operation-item"">",0130821X,Ecole élémentaire La Valbarelle,Public,13011,,,0491448323,,ce.0130821X@ac-aix-marseille.fr,128,Eger ou rationalise 1950/1960,20,NULL,NULL,NULL,NULL
,032,"<span data-column-name=""view"" class=""operation-item"">",0130827D,Ecole élémentaire Vincent Leblanc,Public,13002,,,0491912607,,ce.0130827D@ac-aix-marseille.fr,138,Ferry jusqu’en 1936,18,4,DEFAVORABLE,238,21
,033,"<span data-column-name=""view"" class=""operation-item"">",0131208T,Ecole élémentaire Bouge,Public,13013,,,0491663829,,ce.0131208T@ac-aix-marseille.fr,174,GEEP,18,3,FAVORABLE,400,NULL
,034,"<span data-column-name=""view"" class=""operation-item"">",0131209U,Ecole élémentaire Roy d'Espagne,Public,13008,,,0491732213,,ce.0131209U@ac-aix-marseille.fr,238,GEEP,23,3,DEFAVORABLE,237,28
,035,"<span data-column-name=""view"" class=""operation-item"">",0131529S,Ecole élémentaire Chartreux Eugène Cas 1,Public,13004,,,0491080706,,ce.0131529S@ac-aix-marseille.fr,176,GEEP,25,3,DEFAVORABLE,566,61
,036,"<span data-column-name=""view"" class=""operation-item"">",0131638K,Ecole élémentaire Notre-Dame Limite HLM Perrin,Public,13015,,,0491511184,,ce.0131638K@ac-aix-marseille.fr,190,GEEP,17,3,FAVORABLE,294,45
,037,"<span data-column-name=""view"" class=""operation-item"">",0131640M,Ecole élémentaire Révolution,Public,13003,,,0491501792,,ce.0131640M@ac-aix-marseille.fr,253,Eger ou rationalise 1950/1960,17,3,FAVORABLE,374,30
,038,"<span data-column-name=""view"" class=""operation-item"">",0132286P,Ecole élémentaire Roy d'Espagne Granados,Public,13009,,,0491733651,,ce.0132286P@ac-aix-marseille.fr,124,GEEP,25,4,FAVORABLE,220,6
,039,"<span data-column-name=""view"" class=""operation-item"">",0132530E,Ecole élémentaire Croix Rouge 2,Public,13013,,,0491686991,,ce.0132530E@ac-aix-marseille.fr,151,Autre industrialise & hors modèle,20,5,FAVORABLE,127,11
,040,"<span data-column-name=""view"" class=""operation-item"">",0130528D,Ecole élémentaire La Blancarde,Public,13012,,,0491490848,,ce.0130528D@ac-aix-marseille.fr,313,Eger ou rationalise 1950/1960,27,3,FAVORABLE,381,30
,041,"<span data-column-name=""view"" class=""operation-item"">",0130549B,Ecole élémentaire Château Gombert,Public,13013,,,0491680074,,ce.0130549B@ac-aix-marseille.fr,254,Front populaire 1936/1938,26,4,FAVORABLE,205,16
,042,"<span data-column-name=""view"" class=""operation-item"">",0130563S,Ecole élémentaire Etienne Milan,Public,13008,,,0491763637,,ce.0130563S@ac-aix-marseille.fr,220,GEEP,24,4,FAVORABLE,224,16
,043,"<span data-column-name=""view"" class=""operation-item"">",0130578H,Ecole élémentaire Leverrier,Public,13004,,,0491507926,,ce.0130578H@ac-aix-marseille.fr,291,Ferry jusqu’en 1936,27,3,DEFAVORABLE,296,13
,044,"<span data-column-name=""view"" class=""operation-item"">",0130608R,Ecole élémentaire Grande Bastide Cazaulx,Public,13012,,,0491932542,,ce.0130608R@ac-aix-marseille.fr,258,GEEP,25,3,DEFAVORABLE,424,47
,045,"<span data-column-name=""view"" class=""operation-item"">",0130611U,Ecole élémentaire Valmante,Public,13009,,,0491411468,,ce.0130611U@ac-aix-marseille.fr,117,Conventionnelle et autres,23,4,DEFAVORABLE,135,15
,046,"<span data-column-name=""view"" class=""operation-item"">",0130613W,Ecole élémentaire Rose Castors,Public,13013,,,0491663908,,ce.0130613W@ac-aix-marseille.fr,198,Eger ou rationalise 1950/1960,24,4,FAVORABLE,184,17
,047,"<span data-column-name=""view"" class=""operation-item"">",0130619C,Ecole élémentaire La Roseraie,Public,13007,,,0491521216,,ce.0130619C@ac-aix-marseille.fr,184,Ferry jusqu’en 1936,24,4,FAVORABLE,198,19
,048,"<span data-column-name=""view"" class=""operation-item"">",0130622F,Ecole élémentaire La Rouguière,Public,13011,,,0491894683,,ce.0130622F@ac-aix-marseille.fr,185,Eger ou rationalise 1950/1960,24,4,DEFAVORABLE,182,20
,049,"<span data-column-name=""view"" class=""operation-item"">",0130631R,Ecole élémentaire Saint Gabriel,Public,13014,,,0491672608,,ce.0130631R@ac-aix-marseille.fr,461,Ferry jusqu’en 1936,27,3,FAVORABLE,386,31
,050,"<span data-column-name=""view"" class=""operation-item"">",0130632S,Ecole élémentaire Saint Henri Rabelais,Public,13016,,,0491460103,,ce.0130632S@ac-aix-marseille.fr,235,Eger ou rationalise 1950/1960,20,4,FAVORABLE,236,25
,051,"<span data-column-name=""view"" class=""operation-item"">",0130634U,Ecole élémentaire Saint Jérôme Village 1,Public,13013,,,0491664212,,ce.0130634U@ac-aix-marseille.fr,115,Eger ou rationalise 1950/1960,25,4,FAVORABLE,426,21
,052,"<span data-column-name=""view"" class=""operation-item"">",0130642C,Ecole élémentaire Saint Louis Gare,Public,13015,,,0491608280,,ce.0130642C@ac-aix-marseille.fr,185,Maison d’Ecole,17,3,FAVORABLE,303,27
,053,"<span data-column-name=""view"" class=""operation-item"">",0130644E,Ecole élémentaire Saint-Loup-Gabriel Fauré,Public,13010,,,0491351227,,ce.0130644E@ac-aix-marseille.fr,97,Maison d’Ecole,23,NULL,NULL,NULL,NULL
,054,"<span data-column-name=""view"" class=""operation-item"">",0130648J,Ecole élémentaire Saint Pierre,Public,13005,,,0491476503,,ce.0130648J@ac-aix-marseille.fr,214,Ferry jusqu’en 1936,24,4,DEFAVORABLE,200,20
,055,"<span data-column-name=""view"" class=""operation-item"">",0130652N,Ecole élémentaire Sainte-Cécile,Public,13005,,,0491782067,,ce.0130652N@ac-aix-marseille.fr,172,Ferry jusqu’en 1936,26,4,FAVORABLE,197,20
,056,"<span data-column-name=""view"" class=""operation-item"">",0130656T,Ecole élémentaire Square Michelet,Public,13009,,,0491715860,,ce.0130656T@ac-aix-marseille.fr,165,Eger ou rationalise 1950/1960,25,4,DEFAVORABLE,233,22
,057,"<span data-column-name=""view"" class=""operation-item"">",0130705W,Ecole élémentaire Louis Botinelly,Public,13004,,,0491494916,,ce.0130705W@ac-aix-marseille.fr,135,Maison d’Ecole,24,NULL,NULL,NULL,NULL
,058,"<span data-column-name=""view"" class=""operation-item"">",0130729X,Ecole élémentaire La Guadeloupe,Public,13006,,,0491372213,,ce.0130729X@ac-aix-marseille.fr,198,Ferry jusqu’en 1936,26,4,FAVORABLE,203,18
,059,"<span data-column-name=""view"" class=""operation-item"">",0130736E,Ecole élémentaire Lapin Blanc,Public,13008,,,0491733286,,ce.0130736E@ac-aix-marseille.fr,125,Eger ou rationalise 1950/1960,25,5,FAVORABLE,140,9
,060,"<span data-column-name=""view"" class=""operation-item"">",0130739H,Ecole élémentaire Madrague Montredon,Public,13008,,,0491733923,,ce.0130739H@ac-aix-marseille.fr,119,Eger ou rationalise 1950/1960,23,4,FAVORABLE,111,15
,061,"<span data-column-name=""view"" class=""operation-item"">",0130751W,Ecole élémentaire Merlan Village,Public,13014,,,0491982505,,ce.0130751W@ac-aix-marseille.fr,142,Eger ou rationalise 1950/1960,26,4,FAVORABLE,250,25
,062,"<span data-column-name=""view"" class=""operation-item"">",0130766M,Ecole élémentaire Pomme Heckel,Public,13011,,,0491351527,,ce.0130766M@ac-aix-marseille.fr,86,Maison d’Ecole,15,4,FAVORABLE,155,16
,063,"<span data-column-name=""view"" class=""operation-item"">",0130773V,Ecole élémentaire Rose Frais Vallon Nord,Public,13013,,,0491662716,,ce.0130773V@ac-aix-marseille.fr,220,Eger ou rationalise 1950/1960,24,3,DEFAVORABLE,298,28
,064,"<span data-column-name=""view"" class=""operation-item"">",0130783F,Ecole élémentaire Saint André Condorcet,Public,13016,,,0491460392,,ce.0130783F@ac-aix-marseille.fr,175,Eger ou rationalise 1950/1960,17,4,FAVORABLE,177,20
,065,"<span data-column-name=""view"" class=""operation-item"">",0130792R,Ecole élémentaire Saint Jérôme Village 2,Public,13013,,,0491663950,,ce.0130792R@ac-aix-marseille.fr,138,Eger ou rationalise 1950/1960,25,4,FAVORABLE,169,15
,066,"<span data-column-name=""view"" class=""operation-item"">",0131821J,Ecole élémentaire Saint André La Castellane,Public,13016,,,0491460431,,ce.0131821J@ac-aix-marseille.fr,228,GEEP,16,3,DEFAVORABLE,364,43
,067,"<span data-column-name=""view"" class=""operation-item"">",0130524Z,Ecole élémen Beaumont Bombardière,Public,13012,,,0491931632,,ce.0130524Z@ac-aix-marseille.fr,205,Eger ou rationalise 1950/1960,25,3,FAVORABLE,374,57
,068,"<span data-column-name=""view"" class=""operation-item"">",0130540S,Ecole élémentaire Candolle,Public,13007,,,0491524479,,ce.0130540S@ac-aix-marseille.fr,120,Ferry jusqu’en 1936,23,NULL,NULL,NULL,NULL
,069,"<span data-column-name=""view"" class=""operation-item"">",0130567W,Ecole élémentaire La Feuilleraie,Public,13004,,,0491496604,,ce.0130567W@ac-aix-marseille.fr,281,Eger ou rationalise 1950/1960,24,NULL,NULL,NULL,NULL
,070,"<span data-column-name=""view"" class=""operation-item"">",0130568X,Ecole élémentaire Fraissinet,Public,13005,,,0491480731,,ce.0130568X@ac-aix-marseille.fr,179,Eger ou rationalise 1950/1960,21,3,FAVORABLE,302,58
,071,"<span data-column-name=""view"" class=""operation-item"">",0130569Y,Ecole élémentaire François Moisson,Public,13002,,,0491910254,,ce.0130569Y@ac-aix-marseille.fr,395,Ferry jusqu’en 1936,17,NULL,NULL,NULL,NULL
,072,"<span data-column-name=""view"" class=""operation-item"">",0130570Z,Ecole élémentaire Olivier Gillibert,Public,13005,,,0491422118,,ce.0130570Z@ac-aix-marseille.fr,347,Ferry jusqu’en 1936,27,4,FAVORABLE,189,18
,073,"<span data-column-name=""view"" class=""operation-item"">",0130583N,Ecole élémentaire Malpassé,Public,13013,,,0491661018,,ce.0130583N@ac-aix-marseille.fr,188,Front populaire 1936/1938,23,4,FAVORABLE,169,14
,074,"<span data-column-name=""view"" class=""operation-item"">",0130584P,Ecole élémentaire Les Martegaux,Public,13013,,,0491664088,,ce.0130584P@ac-aix-marseille.fr,149,Eger ou rationalise 1950/1960,26,4,FAVORABLE,152,11
,075,"<span data-column-name=""view"" class=""operation-item"">",0130590W,Ecole élémentaire Merlan Cerisaie,Public,13014,,,0491982358,,ce.0130590W@ac-aix-marseille.fr,179,Eger ou rationalise 1950/1960,16,4,DEFAVORABLE,181,20
,076,"<span data-column-name=""view"" class=""operation-item"">",0130600G,Ecole élémentaire Parc Dromel,Public,13009,,,0491752208,,ce.0130600G@ac-aix-marseille.fr,197,Eger ou rationalise 1950/1960,25,3,NULL,357,32
,077,"<span data-column-name=""view"" class=""operation-item"">",0130645F,Ecole élémentaire Saint Marcel,Public,13011,,,0491447053,,ce.0130645F@ac-aix-marseille.fr,163,Maison d’Ecole,21,4,FAVORABLE,167,21
,078,"<span data-column-name=""view"" class=""operation-item"">",0130658V,Ecole élémentaire La Timone,Public,13010,,,0491783419,,ce.0130658V@ac-aix-marseille.fr,185,Ferry jusqu’en 1936,26,3,FAVORABLE,305,26
,079,"<span data-column-name=""view"" class=""operation-item"">",0130663A,Ecole élémentaire Valentine,Public,13011,,,0491431011,,ce.0130663A@ac-aix-marseille.fr,315,Eger ou rationalise 1950/1960,25,3,FAVORABLE,297,24
,080,"<span data-column-name=""view"" class=""operation-item"">",0130725T,Ecole élémentaire Friedland,Public,13006,,,0491786862,,ce.0130725T@ac-aix-marseille.fr,207,Maison d’Ecole,26,4,FAVORABLE,239,15
,081,"<span data-column-name=""view"" class=""operation-item"">",0130801A,Ecole élémentaire Saint Loup Castel Joli,Public,13010,,,0491448058,,ce.0130801A@ac-aix-marseille.fr,112,Eger ou rationalise 1950/1960,26,5,FAVORABLE,83,12
,082,"<span data-column-name=""view"" class=""operation-item"">",0130813N,Ecole élémentaire Sainte-Sophie,Public,13004,,,0491347303,,ce.0130813N@ac-aix-marseille.fr,151,Ferry jusqu’en 1936,24,NULL,NULL,NULL,NULL
,083,"<span data-column-name=""view"" class=""operation-item"">",0131224K,Ecole élémentaire Maurelette,Public,13015,,,0491607562,,ce.0131224K@ac-aix-marseille.fr,384,GEEP,17,3,DEFAVORABLE,384,24
,084,"<span data-column-name=""view"" class=""operation-item"">",0131227N,Ecole élémentaire Rose Val Plan,Public,13013,,,0491664389,,ce.0131227N@ac-aix-marseille.fr,296,Eger ou rationalise 1950/1960,18,3,DEFAVORABLE,506,39
,085,"<span data-column-name=""view"" class=""operation-item"">",0131272M,Ecole élémentaire Flotte,Public,13008,,,0491772759,,ce.0131272M@ac-aix-marseille.fr,222,GEEP,22,3,FAVORABLE,325,20
,086,"<span data-column-name=""view"" class=""operation-item"">",0131538B,Ecole élémentaire Peyssonnel 2,Public,13003,,,0491507623,,ce.0131538B@ac-aix-marseille.fr,241,Eger ou rationalise 1950/1960,16,2,DEFAVORABLE,666,75
,087,"<span data-column-name=""view"" class=""operation-item"">",0131546K,Ecole élémentaire Saint Tronc La Rose,Public,13010,,,0491751047,,ce.0131546K@ac-aix-marseille.fr,264,Eger ou rationalise 1950/1960,24,3,FAVORABLE,463,25
,088,"<span data-column-name=""view"" class=""operation-item"">",0131595N,Ecole élémentaire La Grognarde,Public,13011,,,0491445244,,ce.0131595N@ac-aix-marseille.fr,327,Conventionnelle et autres,26,NULL,NULL,NULL,NULL
,089,"<span data-column-name=""view"" class=""operation-item"">",0131637J,Ecole élémentaire Parc Kalliste,Public,13015,,,0491511842,,ce.0131637J@ac-aix-marseille.fr,371,GEEP,17,3,DEFAVORABLE,400,40
,090,"<span data-column-name=""view"" class=""operation-item"">",0132155X,Ecole élémentaire Plan d'Aou,Public,13015,,,0491512737,,ce.0132155X@ac-aix-marseille.fr,220,Eger ou rationalise 1950/1960,19,NULL,NULL,NULL,NULL
,091,"<span data-column-name=""view"" class=""operation-item"">",0132267U,Ecole élémentaire Rose La Garde,Public,13013,,,0491661305,,ce.0132267U@ac-aix-marseille.fr,143,GEEP,18,4,DEFAVORABLE,137,16
,092,"<span data-column-name=""view"" class=""operation-item"">",0132275C,Ecole élémentaire Bricarde,Public,13015,,,0491512929,,ce.0132275C@ac-aix-marseille.fr,255,Autre industrialise & hors modèle,16,4,FAVORABLE,271,20
,093,"<span data-column-name=""view"" class=""operation-item"">",0132429V,Ecole élémentaire Saint Barthélémy Flamants,Public,13014,,,0491981184,,ce.0132429V@ac-aix-marseille.fr,225,Autre industrialise & hors modèle,15,3,DEFAVORABLE,358,36
,094,"<span data-column-name=""view"" class=""operation-item"">",0133188V,Ecole élémentaire Prado Plage,Public,13008,,,0491773797,,ce.0133188V@ac-aix-marseille.fr,149,Conventionnelle et autres,26,4,FAVORABLE,251,25
,095,"<span data-column-name=""view"" class=""operation-item"">",0131238A,Ecole élémentaire Aygalades Oasis,Public,13015,,,0491601731,,ce.0131238A@ac-aix-marseille.fr,314,GEEP,17,3,FAVORABLE,196,20
,096,"<span data-column-name=""view"" class=""operation-item"">",0131285B,Ecole élémentaire Castellas Les Lions,Public,13015,,,0491606989,,ce.0131285B@ac-aix-marseille.fr,311,GEEP,18,4,FAVORABLE,198,11
,097,"<span data-column-name=""view"" class=""operation-item"">",0131636H,Ecole élémentaire Notre-Dame Limite Fabrettes,Public,13015,,,0491510382,,ce.0131636H@ac-aix-marseille.fr,112,Maison d’Ecole,23,NULL,NULL,NULL,NULL
,098,"<span data-column-name=""view"" class=""operation-item"">",0131692U,Ecole élémentaire Mazargues Vaccaro,Public,13009,,,0491401513,,ce.0131692U@ac-aix-marseille.fr,195,GEEP,24,3,DEFAVORABLE,152,23
,099,"<span data-column-name=""view"" class=""operation-item"">",0132184D,Ecole élémentaire Montolivet,Public,13012,,,0491930627,,ce.0132184D@ac-aix-marseille.fr,250,GEEP,26,4,FAVORABLE,239,15
,100,"<span data-column-name=""view"" class=""operation-item"">",0132274B,Ecole élémentaire Malpassé Les Lauriers,Public,13013,,,0491700247,,ce.0132274B@ac-aix-marseille.fr,156,Autre industrialise & hors modèle,17,5,DEFAVORABLE,160,23
,101,"<span data-column-name=""view"" class=""operation-item"">",0133124A,Ecole élémentaire Bonneveine 2,Public,13008,,,0491733145,,ce.0133124A@ac-aix-marseille.fr,162,Eger ou rationalise 1950/1960,27,3,FAVORABLE,367,30
,102,"<span data-column-name=""view"" class=""operation-item"">",0130522X,Ecole élémentaire Les Bastides,Public,13015,,,0491511596,,ce.0130522X@ac-aix-marseille.fr,131,Maison d’Ecole,26,NULL,NULL,NULL,NULL
,103,"<span data-column-name=""view"" class=""operation-item"">",0130532H,Ecole élémentaire Bonneveine 1,Public,13008,,,0491734741,,ce.0130532H@ac-aix-marseille.fr,129,Eger ou rationalise 1950/1960,26,3,FAVORABLE,367,30
,104,"<span data-column-name=""view"" class=""operation-item"">",0130545X,Ecole élémentaire Calanques de Sormiou,Public,13009,,,0491726103,,ce.0130545X@ac-aix-marseille.fr,100,Eger ou rationalise 1950/1960,19,4,DEFAVORABLE,191,23
,105,"<span data-column-name=""view"" class=""operation-item"">",0130579J,Ecole élémentaire Lodi,Public,13006,,,0491782161,,ce.0130579J@ac-aix-marseille.fr,113,Maison d’Ecole,22,5,FAVORABLE,111,13
,106,"<span data-column-name=""view"" class=""operation-item"">",0130585R,Ecole élémentaire Maurelle Bombardière,Public,13012,,,0491930646,,ce.0130585R@ac-aix-marseille.fr,180,Conventionnelle et autres,17,3,FAVORABLE,374,57
,107,"<span data-column-name=""view"" class=""operation-item"">",0130604L,Ecole élémentaire Petit Bosquet,Public,13012,,,0491663964,,ce.0130604L@ac-aix-marseille.fr,267,Ferry jusqu’en 1936,26,5,FAVORABLE,124,8
,108,"<span data-column-name=""view"" class=""operation-item"">",0130605M,Ecole élémentaire Pharo Catalans,Public,13007,,,0491523732,,ce.0130605M@ac-aix-marseille.fr,246,Eger ou rationalise 1950/1960,24,3,FAVORABLE,394,29
,109,"<span data-column-name=""view"" class=""operation-item"">",0130623G,Ecole élémentaire La Rouvière,Public,13009,,,0491413489,,ce.0130623G@ac-aix-marseille.fr,285,Eger ou rationalise 1950/1960,26,4,FAVORABLE,507,40
,110,"<span data-column-name=""view"" class=""operation-item"">",0130626K,Ecole élémentaire Saint Antoine Palanque,Public,13015,,,0491656270,,ce.0130626K@ac-aix-marseille.fr,223,Eger ou rationalise 1950/1960,17,4,FAVORABLE,224,21
,111,"<span data-column-name=""view"" class=""operation-item"">",0130627L,Ecole élémentaire Saint Barnabé,Public,13012,,,0491490654,,ce.0130627L@ac-aix-marseille.fr,304,Ferry jusqu’en 1936,26,3,FAVORABLE,324,23
,112,"<span data-column-name=""view"" class=""operation-item"">",0130641B,Ecole élémentaire Saint Louis Consolat,Public,13015,,,0491600014,,ce.0130641B@ac-aix-marseille.fr,304,Eger ou rationalise 1950/1960,17,3,DEFAVORABLE,306,32
,113,"<span data-column-name=""view"" class=""operation-item"">",0130643D,Ecole élémentaire Saint Louis Campagne Lévêque,Public,13015,,,0491606710,,ce.0130643D@ac-aix-marseille.fr,216,Eger ou rationalise 1950/1960,17,NULL,NULL,NULL,NULL
,114,"<span data-column-name=""view"" class=""operation-item"">",0130647H,Ecole élémentaire Saint Mitre,Public,13013,,,0491661520,,ce.0130647H@ac-aix-marseille.fr,353,Front populaire 1936/1938,25,3,DEFAVORABLE,350,20
,115,"<span data-column-name=""view"" class=""operation-item"">",0130654R,Ecole élémentaire Sainte-Marthe,Public,13014,,,0491982063,,ce.0130654R@ac-aix-marseille.fr,249,GEEP,16,3,DEFAVORABLE,419,40
,116,"<span data-column-name=""view"" class=""operation-item"">",0130660X,Ecole élémentaire Les Trois Lucs,Public,13012,,,0491932983,,ce.0130660X@ac-aix-marseille.fr,237,GEEP,25,4,FAVORABLE,220,20
,117,"<span data-column-name=""view"" class=""operation-item"">",0130666D,Ecole élémentaire Vallon des Tuves,Public,13015,,,0491655120,,ce.0130666D@ac-aix-marseille.fr,89,Eger ou rationalise 1950/1960,14,5,FAVORABLE,138,18
,118,"<span data-column-name=""view"" class=""operation-item"">",0130669G,Ecole élémentaire Verduron Haut,Public,13015,,,0491513400,,ce.0130669G@ac-aix-marseille.fr,119,Front populaire 1936/1938,23,5,FAVORABLE,112,15
,119,"<span data-column-name=""view"" class=""operation-item"">",0130683X,Ecole élémentaire Albert Chabanon,Public,13006,,,0491476794,,ce.0130683X@ac-aix-marseille.fr,292,Eger ou rationalise 1950/1960,17,3,FAVORABLE,280,35
,120,"<span data-column-name=""view"" class=""operation-item"">",0130693H,Ecole élémentaire Cabot,Public,13009,,,0491820454,,ce.0130693H@ac-aix-marseille.fr,195,Ferry jusqu’en 1936,27,4,DEFAVORABLE,215,20
,121,"<span data-column-name=""view"" class=""operation-item"">",0130747S,Ecole élémentaire Mazargues,Public,13009,,,0491400186,,ce.0130747S@ac-aix-marseille.fr,126,Ferry jusqu’en 1936,25,3,DEFAVORABLE,152,23
,122,"<span data-column-name=""view"" class=""operation-item"">",0130788L,Ecole élémentaire Saint Charles 2,Public,13003,,,0491503953,,ce.0130788L@ac-aix-marseille.fr,194,Maison d’Ecole,16,4,DEFAVORABLE,202,15
,123,"<span data-column-name=""view"" class=""operation-item"">",0130790N,Ecole élémentaire Saint Henri Raphel,Public,13016,,,0491460922,,ce.0130790N@ac-aix-marseille.fr,199,Maison d’Ecole,20,NULL,NULL,NULL,NULL
,124,"<span data-column-name=""view"" class=""operation-item"">",0130572B,Ecole élémentaire Grotte Rolland,Public,13008,,,0491733484,,ce.0130572B@ac-aix-marseille.fr,123,Eger ou rationalise 1950/1960,25,4,DEFAVORABLE,126,15
,125,"<span data-column-name=""view"" class=""operation-item"">",0132175U,Ecole élémentaire Saint Loup Centre,Public,13010,,,0491447307,,ce.0132175U@ac-aix-marseille.fr,195,Eger ou rationalise 1950/1960,23,NULL,NULL,NULL,NULL
,126,"<span data-column-name=""view"" class=""operation-item"">",0131229R,Ecole élémentaire Sinoncelli,Public,13014,,,0491508832,,ce.0131229R@ac-aix-marseille.fr,406,Eger ou rationalise 1950/1960,17,2,DEFAVORABLE,678,54
,127,"<span data-column-name=""view"" class=""operation-item"">",0131535Y,Ecole élémentaire Cité Azoulay,Public,13008,,,0491778641,,ce.0131535Y@ac-aix-marseille.fr,244,GEEP,26,3,FAVORABLE,372,34
,128,"<span data-column-name=""view"" class=""operation-item"">",0131641N,Ecole élémentaire Emile Vayssière 1,Public,13014,,,0491982585,,ce.0131641N@ac-aix-marseille.fr,200,GEEP,16,3,FAVORABLE,360,25
,129,"<span data-column-name=""view"" class=""operation-item"">",0132176V,Ecole élémentaire Saint André Barnier,Public,13016,,,0491460583,,ce.0132176V@ac-aix-marseille.fr,226,Autre industrialise & hors modèle,19,3,DEFAVORABLE,250,30
,130,"<span data-column-name=""view"" class=""operation-item"">",0132192M,Ecole élémentaire Saint Joseph Les Micocouliers,Public,13014,,,0491601564,,ce.0132192M@ac-aix-marseille.fr,142,Autre industrialise & hors modèle,21,4,FAVORABLE,236,19
,131,"<span data-column-name=""view"" class=""operation-item"">",0132485F,Ecole élémentaire Pomme Sainte-Madeleine,Public,13011,,,0491447960,,ce.0132485F@ac-aix-marseille.fr,323,Conventionnelle et autres,25,3,FAVORABLE,530,54
,132,"<span data-column-name=""view"" class=""operation-item"">",0132601G,Ecole élémentaire La Batarelle,Public,13014,,,0491984380,,ce.0132601G@ac-aix-marseille.fr,343,Autre industrialise & hors modèle,26,3,DEFAVORABLE,294,20
,133,"<span data-column-name=""view"" class=""operation-item"">",0132603J,Ecole élémentaire Parade,Public,13013,,,0491685000,,ce.0132603J@ac-aix-marseille.fr,348,Autre industrialise & hors modèle,24,3,FAVORABLE,488,36
,134,"<span data-column-name=""view"" class=""operation-item"">",0132610S,Ecole élémentaire Solidarité,Public,13015,,,0491514467,,ce.0132610S@ac-aix-marseille.fr,216,Autre industrialise & hors modèle,18,4,FAVORABLE,260,12
,135,"<span data-column-name=""view"" class=""operation-item"">",0132637W,Ecole élémentaire Emile Vayssière 2,Public,13014,,,0491983917,,ce.0132637W@ac-aix-marseille.fr,215,GEEP,17,4,FAVORABLE,214,15
,136,"<span data-column-name=""view"" class=""operation-item"">",0130514N,Ecole élémentaire Abbé de L'Epée,Public,13005,,,0491347270,,ce.0130514N@ac-aix-marseille.fr,376,Eger ou rationalise 1950/1960,26,3,FAVORABLE,338,30
,137,"<span data-column-name=""view"" class=""operation-item"">",0130521W,Ecole élémentaire La Barasse,Public,13011,,,0491360371,,ce.0130521W@ac-aix-marseille.fr,148,Ferry jusqu’en 1936,24,5,FAVORABLE,165,NULL
,138,"<span data-column-name=""view"" class=""operation-item"">",0130523Y,Ecole élémentaire La Baume,Public,13009,,,0491400982,,ce.0130523Y@ac-aix-marseille.fr,104,Eger ou rationalise 1950/1960,24,4,FAVORABLE,139,18
,139,"<span data-column-name=""view"" class=""operation-item"">",0130533J,Ecole élémentaire Les Borels,Public,13015,,,0491609608,,ce.0130533J@ac-aix-marseille.fr,126,Eger ou rationalise 1950/1960,25,4,DEFAVORABLE,208,21
,140,"<span data-column-name=""view"" class=""operation-item"">",0130534K,Ecole élémentaire La Busserine,Public,13014,,,0491983296,,ce.0130534K@ac-aix-marseille.fr,262,Eger ou rationalise 1950/1960,17,3,DEFAVORABLE,438,50
,141,"<span data-column-name=""view"" class=""operation-item"">",0130538P,Ecole élémentaire Calade,Public,13015,,,0491605117,,ce.0130538P@ac-aix-marseille.fr,351,Eger ou rationalise 1950/1960,20,3,FAVORABLE,342,35
,142,"<span data-column-name=""view"" class=""operation-item"">",0130539R,Ecole élémentaire Les Camoins,Public,13011,,,0491431029,,ce.0130539R@ac-aix-marseille.fr,188,Eger ou rationalise 1950/1960,26,4,FAVORABLE,176,26
,143,"<span data-column-name=""view"" class=""operation-item"">",0130542U,Ecole élémentaire Canet Larousse,Public,13014,,,0491672155,,ce.0130542U@ac-aix-marseille.fr,298,Eger ou rationalise 1950/1960,18,3,DEFAVORABLE,589,40
,144,"<span data-column-name=""view"" class=""operation-item"">",0130543V,Ecole élémentaire Capelette Laugier,Public,13010,,,0491798224,,ce.0130543V@ac-aix-marseille.fr,204,Maison d’Ecole,21,3,FAVORABLE,458,54
,145,"<span data-column-name=""view"" class=""operation-item"">",0130557K,Ecole élémentaire gilles vigneault,Public,13004,,,0491059000,,ce.0130557K@ac-aix-marseille.fr,270,Maison d’Ecole,17,5,NULL,NULL,NULL
,146,"<span data-column-name=""view"" class=""operation-item"">",0130562R,Ecole élémentaire Estaque Plage,Public,13016,,,0491461266,,ce.0130562R@ac-aix-marseille.fr,242,Ferry jusqu’en 1936,20,3,FAVORABLE,227,22
,147,"<span data-column-name=""view"" class=""operation-item"">",0130565U,Ecole élémentaire Eydoux,Public,13006,,,0491485842,,ce.0130565U@ac-aix-marseille.fr,181,Ferry jusqu’en 1936,26,4,FAVORABLE,180,22
,148,"<span data-column-name=""view"" class=""operation-item"">",0130571A,Ecole élémentaire Grand Saint Giniez,Public,13008,,,0491762331,,ce.0130571A@ac-aix-marseille.fr,183,Eger ou rationalise 1950/1960,27,4,FAVORABLE,203,19
,149,"<span data-column-name=""view"" class=""operation-item"">",0130591X,Ecole élémentaire La Millière,Public,13011,,,0491361372,,ce.0130591X@ac-aix-marseille.fr,160,Eger ou rationalise 1950/1960,23,5,FAVORABLE,168,18
,150,"<span data-column-name=""view"" class=""operation-item"">",0130595B,Ecole élémentaire National,Public,13003,,,0491505484,,ce.0130595B@ac-aix-marseille.fr,376,Maison d’Ecole,17,4,DEFAVORABLE,361,30
,151,"<span data-column-name=""view"" class=""operation-item"">",0130598E,Ecole élémentaire Les Olives,Public,13013,,,0491662760,,ce.0130598E@ac-aix-marseille.fr,244,GEEP,25,4,FAVORABLE,193,18
,152,"<span data-column-name=""view"" class=""operation-item"">",0130620D,Ecole élémentaire La Figone,Public,13012,,,0491930088,,ce.0130620D@ac-aix-marseille.fr,372,GEEP,25,3,DEFAVORABLE,520,43
,153,"<span data-column-name=""view"" class=""operation-item"">",0130621E,Ecole élémentaire Le Rouet,Public,13008,,,0491791641,,ce.0130621E@ac-aix-marseille.fr,269,Ferry jusqu’en 1936,24,3,DEFAVORABLE,432,44
,154,"<span data-column-name=""view"" class=""operation-item"">",0130659W,Ecole élémentaire Franklin Roosevelt,Public,13005,,,0491472252,,ce.0130659W@ac-aix-marseille.fr,238,Ferry jusqu’en 1936,25,4,FAVORABLE,242,25
,155,"<span data-column-name=""view"" class=""operation-item"">",0130661Y,Ecole élémentaire Les Trois Ponts,Public,13010,,,0491448954,,ce.0130661Y@ac-aix-marseille.fr,116,Eger ou rationalise 1950/1960,24,NULL,NULL,NULL,NULL
,156,"<span data-column-name=""view"" class=""operation-item"">",0130665C,Ecole élémentaire Vallon de L'Oriol,Public,13007,,,0491520593,,ce.0130665C@ac-aix-marseille.fr,134,GEEP,25,NULL,NULL,NULL,NULL
,157,"<span data-column-name=""view"" class=""operation-item"">",0130691F,Ecole élémentaire Breteuil,Public,13006,,,0491371026,,ce.0130691F@ac-aix-marseille.fr,109,Maison d’Ecole,22,4,FAVORABLE,108,12
,158,"<span data-column-name=""view"" class=""operation-item"">",0130698N,Ecole élémentaire Canet Barbès,Public,13014,,,0491673167,,ce.0130698N@ac-aix-marseille.fr,119,Ferry jusqu’en 1936,17,4,FAVORABLE,125,13
,159,"<span data-column-name=""view"" class=""operation-item"">",0130702T,Ecole élémentaire Chartreux,Public,13004,,,0491505765,,ce.0130702T@ac-aix-marseille.fr,198,Maison d’Ecole,25,4,DEFAVORABLE,210,18
,160,"<span data-column-name=""view"" class=""operation-item"">",0130706X,Ecole élémentaire Cité Michelis 2,Public,13011,,,0491447050,,ce.0130706X@ac-aix-marseille.fr,200,Eger ou rationalise 1950/1960,25,3,FAVORABLE,399,46
,161,"<span data-column-name=""view"" class=""operation-item"">",0130741K,Ecole élémentaire Cathédrale de la Major,Public,13002,,,0491912151,,ce.0130741K@ac-aix-marseille.fr,210,Ferry jusqu’en 1936,17,3,FAVORABLE,308,14
,162,"<span data-column-name=""view"" class=""operation-item"">",0130795U,Ecole élémentaire Saint Julien 2,Public,13012,,,0491932381,,ce.0130795U@ac-aix-marseille.fr,154,Maison d’Ecole,26,NULL,NULL,NULL,NULL
,163,"<span data-column-name=""view"" class=""operation-item"">",0130796V,Ecole élémentaire Saint-Just Centre 2,Public,13013,,,0491663620,,ce.0130796V@ac-aix-marseille.fr,166,Ferry jusqu’en 1936,14,4,FAVORABLE,176,12
,164,"<span data-column-name=""view"" class=""operation-item"">",0131243F,Ecole élémentaire Château Saint Cyr,Public,13010,,,0491445713,,ce.0131243F@ac-aix-marseille.fr,251,Conventionnelle et autres,25,3,FAVORABLE,351,36
,165,"<span data-column-name=""view"" class=""operation-item"">",0131271L,Ecole élémentaire La Visitation,Public,13014,,,0491982363,,ce.0131271L@ac-aix-marseille.fr,122,GEEP,16,4,DEFAVORABLE,250,21
,166,"<span data-column-name=""view"" class=""operation-item"">",0131532V,Ecole éléméntaire Château Sec,Public,13009,,,0491755092,,ce.0131532V@ac-aix-marseille.fr,283,Eger ou rationalise 1950/1960,25,3,FAVORABLE,322,18
,167,"<span data-column-name=""view"" class=""operation-item"">",0131540D,Ecole élémentaire Saint Louis Le Rove,Public,13015,,,0491609633,,ce.0131540D@ac-aix-marseille.fr,317,GEEP,17,3,FAVORABLE,505,35
,168,"<span data-column-name=""view"" class=""operation-item"">",0131543G,Ecole élémentaire Font Vert,Public,13014,,,0491022289,,ce.0131543G@ac-aix-marseille.fr,230,Autre industrialise & hors modèle,15,4,FAVORABLE,200,10
,169,"<span data-column-name=""view"" class=""operation-item"">",0131552S,Ecole élémentaire Raymond Teisseire,Public,13008,,,0491794306,,ce.0131552S@ac-aix-marseille.fr,285,Eger ou rationalise 1950/1960,25,3,FAVORABLE,479,40
,170,"<span data-column-name=""view"" class=""operation-item"">",0131642P,Ecole élémentaire Saint Loup Chanteperdrix,Public,13010,,,0491447701,,ce.0131642P@ac-aix-marseille.fr,102,Eger ou rationalise 1950/1960,19,NULL,NULL,NULL,NULL
,171,"<span data-column-name=""view"" class=""operation-item"">",0131652A,Ecole élémentaire Saint Jérôme Les Lilas,Public,13013,,,0491981105,,ce.0131652A@ac-aix-marseille.fr,223,Autre industrialise & hors modèle,18,NULL,NULL,NULL,NULL
,172,"<span data-column-name=""view"" class=""operation-item"">",0131856X,Ecole élémentaire Malpassé Les Oliviers,Public,13013,,,0491663784,,ce.0131856X@ac-aix-marseille.fr,281,GEEP,16,4,DEFAVORABLE,292,30
,173,"<span data-column-name=""view"" class=""operation-item"">",0132185E,Ecole élémentaire Bois Lemaitre,Public,13012,,,0491930626,,ce.0132185E@ac-aix-marseille.fr,147,Eger ou rationalise 1950/1960,26,4,FAVORABLE,272,25
,174,"<span data-column-name=""view"" class=""operation-item"">",0132428U,Ecole élémentaire Air Bel,Public,13011,,,0491352006,,ce.0132428U@ac-aix-marseille.fr,285,Conventionnelle et autres,18,NULL,NULL,NULL,NULL
,175,"<span data-column-name=""view"" class=""operation-item"">",0132574C,Ecole élémentaire Zac de Mazargues la soude,Public,13009,,,0491400323,,ce.0132574C@ac-aix-marseille.fr,180,Conventionnelle et autres,21,3,FAVORABLE,310,NULL
,176,"<span data-column-name=""view"" class=""operation-item"">",0132605L,Ecole élémentaire Les Néréides,Public,13011,,,0491353801,,ce.0132605L@ac-aix-marseille.fr,121,Eger ou rationalise 1950/1960,17,4,FAVORABLE,123,15
,177,"<span data-column-name=""view"" class=""operation-item"">",0132758C,Ecole élémentaire Zac de Bonneveine,Public,13008,,,0491721724,,ce.0132758C@ac-aix-marseille.fr,195,Conventionnelle et autres,23,3,DEFAVORABLE,344,34
,178,"<span data-column-name=""view"" class=""operation-item"">",0130559M,Ecole élémentaire d'application Edouard Vaillant,Public,13003,,,0491026690,,ce.0130559M@ac-aix-marseille.fr,262,Front populaire 1936/1938,8,3,DEFAVORABLE,282,30
,179,"<span data-column-name=""view"" class=""operation-item"">",0131530T,Ecole élémentaire d'application Chartreux Eugène Cas 2,Public,13004,,,0491507558,,ce.0131530T@ac-aix-marseille.fr,184,GEEP,13,3,DEFAVORABLE,566,61
,180,"<span data-column-name=""view"" class=""operation-item"">",0131537A,Ecole élémentaire Peyssonnel 1,Public,13003,,,0491503762,,ce.0131537A@ac-aix-marseille.fr,236,Eger ou rationalise 1950/1960,17,2,DEFAVORABLE,666,75
,181,"<span data-column-name=""view"" class=""operation-item"">",0132638X,Ecole élémentaire Cours Julien,Public,13006,,,0491471918,,ce.0132638X@ac-aix-marseille.fr,94,Maison d’Ecole,24,4,FAVORABLE,160,24
,182,"<span data-column-name=""view"" class=""operation-item"">",0133655C,Ecole élémentaire Maurice Korsec,Public,13001,,,0491901576,,ce.0133655C@ac-aix-marseille.fr,280,Ferry jusqu’en 1936,17,3,DEFAVORABLE,297,33
,183,"<span data-column-name=""view"" class=""operation-item"">",0130555H,Ecole élémentaire Convalescents,Public,13001,,,0491910693,,ce.0130555H@ac-aix-marseille.fr,222,Ferry jusqu’en 1936,16,4,FAVORABLE,243,26
,184,"<span data-column-name=""view"" class=""operation-item"">",0130637X,Ecole élémentaire Saint Julien 1,Public,13012,,,0491933390,,ce.0130637X@ac-aix-marseille.fr,163,Eger ou rationalise 1950/1960,27,4,FAVORABLE,135,10
,185,"<span data-column-name=""view"" class=""operation-item"">",0130769R,Ecole élémentaire Cabot Les Pins,Public,13009,,,0491413454,,ce.0130769R@ac-aix-marseille.fr,269,Conventionnelle et autres,27,3,DEFAVORABLE,297,16
,186,"<span data-column-name=""view"" class=""operation-item"">",0130638Y,Ecole élémentaire Saint-Just Centre 1,Public,13013,,,0491664311,,ce.0130638Y@ac-aix-marseille.fr,251,Ferry jusqu’en 1936,25,4,FAVORABLE,253,NULL
,187,"<span data-column-name=""view"" class=""operation-item"">",0130735D,Ecole élémentaire Kléber,Public,13003,,,0491508334,,ce.0130735D@ac-aix-marseille.fr,300,Ferry jusqu’en 1936,17,3,DEFAVORABLE,303,34
,188,"<span data-column-name=""view"" class=""operation-item"">",0132483D,Ecole élémentaire Savine,Public,13015,,,0491655027,,ce.0132483D@ac-aix-marseille.fr,83,Autre industrialise & hors modèle,16,4,FAVORABLE,95,14
,189,"<span data-column-name=""view"" class=""operation-item"">",0133821H,ECOLE ELEMENTAIRE ZAC CHATEAU GOMBERT,Public,13013,,,0491618160,,ce.0133821H@ac-aix-marseille.fr,323,Conventionnelle et autres,26,4,FAVORABLE,205,16
,190,"<span data-column-name=""view"" class=""operation-item"">",0134240N,Ecole élémentaire publique Révolution Vaillant,Public,13003,,,,,ce.0134240N@ac-aix-marseille.fr,124,Ferry jusqu’en 1936,17,NULL,NULL,NULL,NULL
,191,"<span data-column-name=""view"" class=""operation-item"">",0130700R,Ecole élémentaire Capelette Mireille Lauze,Public,13010,,,0491795337,,ce.0130700R@ac-aix-marseille.fr,313,Eger ou rationalise 1950/1960,26,3,FAVORABLE,313,13
,192,"<span data-column-name=""view"" class=""operation-item"">",0130629N,Ecole élémentaire Saint Barthélémy SNCF,Public,13014,,,0491981910,,ce.0130629N@ac-aix-marseille.fr,437,Eger ou rationalise 1950/1960,18,2,DEFAVORABLE,836,83
,193,"<span data-column-name=""view"" class=""operation-item"">",0133633D,Ecole élémentaire Arenc Bachas,Public,13015,,,0491627577,,ce.0133633D@ac-aix-marseille.fr,183,Ferry jusqu’en 1936,14,3,FAVORABLE,300,37
,194,"<span data-column-name=""view"" class=""operation-item"">",0132179Y,Ecole élémentaire Canet Jean Jaurès,Public,13014,,,0491980069,,ce.0132179Y@ac-aix-marseille.fr,256,Autre industrialise & hors modèle,20,3,FAVORABLE,407,45
,195,"<span data-column-name=""view"" class=""operation-item"">",0133998A,école élémentaire chevalier paul,Public,13002,,,0491934751,,ce.0133998A@ac-aix-marseille.fr,146,Conventionnelle et autres,16,3,FAVORABLE,424,22
,196,"<span data-column-name=""view"" class=""operation-item"">",0130518T,Ecole élémentaire Parc Bellevue,Public,13003,,,0491582686,,ce.0130518T@ac-aix-marseille.fr,257,Autre industrialise & hors modèle,17,4,DEFAVORABLE,464,46
,197,"<span data-column-name=""view"" class=""operation-item"">",0130527C,Ecole élémentaire Bernard Cadenat,Public,13003,,,0491503738,,ce.0130527C@ac-aix-marseille.fr,387,Front populaire 1936/1938,18,3,FAVORABLE,376,30
,198,"<span data-column-name=""view"" class=""operation-item"">",0130577G,Ecole élémentaire Lapin Blanc des Neiges,Public,13008,,,0491732750,,ce.0130577G@ac-aix-marseille.fr,132,Ferry jusqu’en 1936,24,5,FAVORABLE,140,9
,199,"<span data-column-name=""view"" class=""operation-item"">",0130636W,Ecole élémentaire Saint Joseph Servières,Public,13015,,,0491605335,,ce.0130636W@ac-aix-marseille.fr,106,Eger ou rationalise 1950/1960,16,5,DEFAVORABLE,98,20
,200,"<span data-column-name=""view"" class=""operation-item"">",0134231D,Ecole élémentaire publique Madrague Ville,Public,13002,,,0491580071,,ce.0134231D@ac-aix-marseille.fr,180,Conventionnelle et autres,15,4,FAVORABLE,210,25
,201,"<span data-column-name=""view"" class=""operation-item"">",0130550C,Ecole élémentaire Chave,Public,13005,,,0491422060,,ce.0130550C@ac-aix-marseille.fr,266,Eger ou rationalise 1950/1960,26,3,FAVORABLE,445,43
,202,"<span data-column-name=""view"" class=""operation-item"">",0130597D,école élémentaire publique Oddo,Public,13015,,,0491580042,,ce.0130597D@ac-aix-marseille.fr,167,Ferry jusqu’en 1936,16,4,FAVORABLE,220,NULL
,203,"<span data-column-name=""view"" class=""operation-item"">",0130960Y,Ecole autonome de perfectionnement Centre Esperanza,Public,13012,,,0491933039,,ce.0130960Y@ac-aix-marseille.fr,35,,8,NULL,NULL,NULL,NULL
,204,"<span data-column-name=""view"" class=""operation-item"">",0130834L,Ecole maternelle d'application Consolat-Abeilles,Public,13001,,,0491085403,,ce.0130834L@ac-aix-marseille.fr,136,Maison d’Ecole,13,NULL,NULL,NULL,NULL
,205,"<span data-column-name=""view"" class=""operation-item"">",0130953R,Ecole maternelle d'application La Valbarelle,Public,13011,,,0491449541,,ce.0130953R@ac-aix-marseille.fr,87,Eger ou rationalise 1950/1960,11,4,FAVORABLE,148,12
,206,"<span data-column-name=""view"" class=""operation-item"">",0130868Y,Ecole maternelle d'application Edouard Vaillant,Public,13003,,,0491025733,,ce.0130868Y@ac-aix-marseille.fr,206,Front populaire 1936/1938,14,4,FAVORABLE,204,19
,207,"<span data-column-name=""view"" class=""operation-item"">",0131247K,Ecole maternelle Rose Frais Vallon Nord,Public,13013,,,0491661432,,ce.0131247K@ac-aix-marseille.fr,93,Eger ou rationalise 1950/1960,21,3,DEFAVORABLE,298,28
,208,"<span data-column-name=""view"" class=""operation-item"">",0133656D,Ecole maternelle Fiolle -Falque,Public,13006,,,0491371096,,ce.0133656D@ac-aix-marseille.fr,150,Conventionnelle et autres,26,3,FAVORABLE,367,35
,209,"<span data-column-name=""view"" class=""operation-item"">",0130836N,Ecole maternelle Parc Bellevue,Public,13003,,,0491582682,,ce.0130836N@ac-aix-marseille.fr,134,Autre industrialise & hors modèle,26,4,DEFAVORABLE,464,46
,210,"<span data-column-name=""view"" class=""operation-item"">",0130838R,Ecole maternelle Baille,Public,13005,,,0491784219,,ce.0130838R@ac-aix-marseille.fr,91,Maison d’Ecole,25,4,FAVORABLE,70,8
,211,"<span data-column-name=""view"" class=""operation-item"">",0130899G,Ecole maternelle Neuve-Sainte-Catherine,Public,13007,,,0491540830,,ce.0130899G@ac-aix-marseille.fr,162,Ferry jusqu’en 1936,23,4,FAVORABLE,100,15
,212,"<span data-column-name=""view"" class=""operation-item"">",0130907R,Ecole maternelle Paul Codaccioni,Public,13007,,,0491525461,,ce.0130907R@ac-aix-marseille.fr,154,Conventionnelle et autres,28,4,FAVORABLE,162,6
,213,"<span data-column-name=""view"" class=""operation-item"">",0130910U,Ecole maternelle Le Pharo,Public,13007,,,0491520849,,ce.0130910U@ac-aix-marseille.fr,143,Eger ou rationalise 1950/1960,31,3,FAVORABLE,394,29
,214,"<span data-column-name=""view"" class=""operation-item"">",0130913X,Ecole maternelle Grande Bastide Cazaulx,Public,13012,,,0491930048,,ce.0130913X@ac-aix-marseille.fr,153,GEEP,25,3,DEFAVORABLE,424,47
,215,"<span data-column-name=""view"" class=""operation-item"">",0130925K,Ecole maternelle Saint-Antoine Centre,Public,13015,,,0491512802,,ce.0130925K@ac-aix-marseille.fr,85,Eger ou rationalise 1950/1960,28,NULL,NULL,NULL,NULL
,216,"<span data-column-name=""view"" class=""operation-item"">",0130929P,Ecole maternelle Saint-Charles,Public,13003,,,0491624887,,ce.0130929P@ac-aix-marseille.fr,126,Eger ou rationalise 1950/1960,24,4,DEFAVORABLE,291,31
,217,"<span data-column-name=""view"" class=""operation-item"">",0130935W,Ecole maternelle Saint-Just Centre,Public,13013,,,0491663867,,ce.0130935W@ac-aix-marseille.fr,202,Ferry jusqu’en 1936,26,4,FAVORABLE,208,20
,218,"<span data-column-name=""view"" class=""operation-item"">",0130956U,Ecole maternelle Verduron Haut,Public,13015,,,0491511125,,ce.0130956U@ac-aix-marseille.fr,72,Eger ou rationalise 1950/1960,27,5,FAVORABLE,67,10
,219,"<span data-column-name=""view"" class=""operation-item"">",0130958W,Ecole maternelle La Viste Bousquet,Public,13015,,,0491609110,,ce.0130958W@ac-aix-marseille.fr,218,Eger ou rationalise 1950/1960,25,3,FAVORABLE,573,38
,220,"<span data-column-name=""view"" class=""operation-item"">",0131267G,Ecole maternelle Rose La Garde,Public,13013,,,0491663677,,ce.0131267G@ac-aix-marseille.fr,81,GEEP,22,5,DEFAVORABLE,90,14
,221,"<span data-column-name=""view"" class=""operation-item"">",0131277T,Ecole maternelle Notre-Dame Limite HLM Perrin,Public,13015,,,0491512278,,ce.0131277T@ac-aix-marseille.fr,114,GEEP,21,3,FAVORABLE,294,45
,222,"<span data-column-name=""view"" class=""operation-item"">",0131539C,Ecole maternelle Saint-Louis Le Rove,Public,13015,,,0491608227,,ce.0131539C@ac-aix-marseille.fr,199,GEEP,26,3,FAVORABLE,505,35
,223,"<span data-column-name=""view"" class=""operation-item"">",0131647V,Ecole maternelle Saint-Jérôme Les Lilas,Public,13013,,,0491981558,,ce.0131647V@ac-aix-marseille.fr,149,Autre industrialise & hors modèle,22,NULL,NULL,NULL,NULL
,224,"<span data-column-name=""view"" class=""operation-item"">",0132156Y,Ecole maternelle Château Saint-Jacques,Public,13011,,,0491447252,,ce.0132156Y@ac-aix-marseille.fr,112,Conventionnelle et autres,28,NULL,NULL,NULL,NULL
,225,"<span data-column-name=""view"" class=""operation-item"">",0132173S,Ecole maternelle Montolivet,Public,13012,,,0491933939,,ce.0132173S@ac-aix-marseille.fr,138,Maison d’Ecole,24,4,DEFAVORABLE,130,13
,226,"<span data-column-name=""view"" class=""operation-item"">",0132272Z,Ecole maternelle Cité Saint-Louis,Public,13016,,,0491609594,,ce.0132272Z@ac-aix-marseille.fr,86,GEEP,22,4,FAVORABLE,87,9
,227,"<span data-column-name=""view"" class=""operation-item"">",0132287R,Ecole maternelle Malpassé Les Oliviers,Public,13013,,,0491662832,,ce.0132287R@ac-aix-marseille.fr,208,GEEP,23,4,FAVORABLE,0,0
,228,"<span data-column-name=""view"" class=""operation-item"">",0132290U,Ecole maternelle Canet Jean Jaurès,Public,13014,,,0491980027,,ce.0132290U@ac-aix-marseille.fr,128,Autre industrialise & hors modèle,26,3,FAVORABLE,407,45
,229,"<span data-column-name=""view"" class=""operation-item"">",0132328K,Ecole maternelle Bricarde,Public,13015,,,0491961282,,ce.0132328K@ac-aix-marseille.fr,155,Autre industrialise & hors modèle,24,4,FAVORABLE,167,20
,230,"<span data-column-name=""view"" class=""operation-item"">",0132335T,Ecole maternelle Les Balustres,Public,13013,,,0491664829,,ce.0132335T@ac-aix-marseille.fr,103,Autre industrialise & hors modèle,28,NULL,NULL,NULL,NULL
,231,"<span data-column-name=""view"" class=""operation-item"">",0132431X,Ecole maternelle La Timone,Public,13010,,,0491780252,,ce.0132431X@ac-aix-marseille.fr,120,Ferry jusqu’en 1936,29,3,FAVORABLE,305,26
,232,"<span data-column-name=""view"" class=""operation-item"">",0132484E,Ecole maternelle Roy d'Espagne 2,Public,13009,,,0491733637,,ce.0132484E@ac-aix-marseille.fr,72,GEEP,25,3,DEFAVORABLE,237,28
,233,"<span data-column-name=""view"" class=""operation-item"">",0132602H,Ecole maternelle La Batarelle,Public,13014,,,0491983859,,ce.0132602H@ac-aix-marseille.fr,210,Autre industrialise & hors modèle,26,4,DEFAVORABLE,202,14
,234,"<span data-column-name=""view"" class=""operation-item"">",0132604K,Ecole maternelle Eydoux,Public,13006,,,0491471956,,ce.0132604K@ac-aix-marseille.fr,131,Ferry jusqu’en 1936,26,4,FAVORABLE,132,14
,235,"<span data-column-name=""view"" class=""operation-item"">",0132629M,Ecole maternelle Millière,Public,13011,,,0491362450,,ce.0132629M@ac-aix-marseille.fr,117,Conventionnelle et autres,24,4,FAVORABLE,119,12
,236,"<span data-column-name=""view"" class=""operation-item"">",0132995K,Ecole maternelle Saint-Henri 2,Public,13016,,,0491465066,,ce.0132995K@ac-aix-marseille.fr,132,Autre industrialise & hors modèle,23,4,FAVORABLE,133,18
,237,"<span data-column-name=""view"" class=""operation-item"">",0133111L,Ecole maternelle Buzine,Public,13011,,,0491431038,,ce.0133111L@ac-aix-marseille.fr,58,Conventionnelle et autres,31,NULL,NULL,NULL,NULL
,238,"<span data-column-name=""view"" class=""operation-item"">",0133323S,Ecole maternelle Les Martegaux,Public,13013,,,0491506589,,ce.0133323S@ac-aix-marseille.fr,116,Prefabrique ou industrialise,25,NULL,NULL,NULL,NULL
,239,"<span data-column-name=""view"" class=""operation-item"">",0130835M,Ecole maternelle Alexandre Copello,Public,13005,,,0491473106,,ce.0130835M@ac-aix-marseille.fr,269,Maison d’Ecole,30,4,FAVORABLE,257,20
,240,"<span data-column-name=""view"" class=""operation-item"">",0130859N,Ecole maternelle Château Gombert,Public,13013,,,0491680120,,ce.0130859N@ac-aix-marseille.fr,145,Front populaire 1936/1938,28,4,FAVORABLE,145,12
,241,"<span data-column-name=""view"" class=""operation-item"">",0130860P,Ecole maternelle Chave,Public,13005,,,0491474993,,ce.0130860P@ac-aix-marseille.fr,171,Eger ou rationalise 1950/1960,26,3,FAVORABLE,445,43
,242,"<span data-column-name=""view"" class=""operation-item"">",0130863T,Ecole maternelle Cité Michelis,Public,13011,,,0491447485,,ce.0130863T@ac-aix-marseille.fr,119,Eger ou rationalise 1950/1960,27,4,FAVORABLE,121,5
,243,"<span data-column-name=""view"" class=""operation-item"">",0130875F,Ecole maternelle La Feuilleraie,Public,13004,,,0491494821,,ce.0130875F@ac-aix-marseille.fr,178,Eger ou rationalise 1950/1960,26,5,FAVORABLE,173,11
,244,"<span data-column-name=""view"" class=""operation-item"">",0130885S,Ecole maternelle Longchamp,Public,13004,,,0491641227,,ce.0130885S@ac-aix-marseille.fr,194,Eger ou rationalise 1950/1960,28,4,FAVORABLE,204,19
,245,"<span data-column-name=""view"" class=""operation-item"">",0130891Y,Ecole maternelle Mazargues,Public,13009,,,0491403570,,ce.0130891Y@ac-aix-marseille.fr,91,Eger ou rationalise 1950/1960,25,NULL,NULL,NULL,NULL
,246,"<span data-column-name=""view"" class=""operation-item"">",0130893A,Ecole maternelle Merlan Village,Public,13014,,,0491982044,,ce.0130893A@ac-aix-marseille.fr,70,Autre industrialise & hors modèle,22,4,FAVORABLE,250,25
,247,"<span data-column-name=""view"" class=""operation-item"">",0130895C,Ecole maternelle Montredon,Public,13008,,,0491730797,,ce.0130895C@ac-aix-marseille.fr,83,Maison d’Ecole,26,4,FAVORABLE,75,8
,248,"<span data-column-name=""view"" class=""operation-item"">",0130896D,Ecole maternelle Moulins,Public,13002,,,0491912025,,ce.0130896D@ac-aix-marseille.fr,103,Maison d’Ecole,26,4,FAVORABLE,105,8
,249,"<span data-column-name=""view"" class=""operation-item"">",0130900H,Ecole maternelle Notre-Dame Limite Château Burzio,Public,13015,,,0491513075,,ce.0130900H@ac-aix-marseille.fr,63,Eger ou rationalise 1950/1960,27,4,FAVORABLE,76,9
,250,"<span data-column-name=""view"" class=""operation-item"">",0130904M,Ecole maternelle Parc Dromel,Public,13009,,,0491752828,,ce.0130904M@ac-aix-marseille.fr,148,Eger ou rationalise 1950/1960,30,3,NULL,357,32
,251,"<span data-column-name=""view"" class=""operation-item"">",0130905N,Ecole maternelle Coin Joli-Sévigné,Public,13009,,,0491710152,,ce.0130905N@ac-aix-marseille.fr,157,Eger ou rationalise 1950/1960,27,4,FAVORABLE,87,8
,252,"<span data-column-name=""view"" class=""operation-item"">",0130909T,Ecole maternelle Petit Bosquet,Public,13012,,,0491661232,,ce.0130909T@ac-aix-marseille.fr,118,Ferry jusqu’en 1936,28,NULL,NULL,NULL,NULL
,253,"<span data-column-name=""view"" class=""operation-item"">",0130912W,Ecole maternelle Pomme Heckel,Public,13011,,,0491447298,,ce.0130912W@ac-aix-marseille.fr,68,Conventionnelle et autres,25,4,FAVORABLE,155,16
,254,"<span data-column-name=""view"" class=""operation-item"">",0130919D,Ecole maternelle Le Rouet,Public,13008,,,0491792746,,ce.0130919D@ac-aix-marseille.fr,160,Ferry jusqu’en 1936,28,3,DEFAVORABLE,432,44
,255,"<span data-column-name=""view"" class=""operation-item"">",0130920E,Ecole maternelle La Rouguière,Public,13011,,,0491894631,,ce.0130920E@ac-aix-marseille.fr,110,Eger ou rationalise 1950/1960,22,4,FAVORABLE,107,9
,256,"<span data-column-name=""view"" class=""operation-item"">",0130930R,Ecole maternelle Saint-Gabriel,Public,13014,,,0491025810,,ce.0130930R@ac-aix-marseille.fr,241,Autre industrialise & hors modèle,30,4,DEFAVORABLE,180,6
,257,"<span data-column-name=""view"" class=""operation-item"">",0130931S,Ecole maternelle Saint-Henri 1,Public,13016,,,0491460824,,ce.0130931S@ac-aix-marseille.fr,109,Eger ou rationalise 1950/1960,23,4,FAVORABLE,108,13
,258,"<span data-column-name=""view"" class=""operation-item"">",0130932T,Ecole maternelle Simiane,Public,13014,,,0491985627,,ce.0130932T@ac-aix-marseille.fr,97,Autre industrialise & hors modèle,25,4,FAVORABLE,109,15
,259,"<span data-column-name=""view"" class=""operation-item"">",0130937Y,Ecole maternelle Saint-Louis Gare,Public,13015,,,0491608592,,ce.0130937Y@ac-aix-marseille.fr,121,Maison d’Ecole,24,3,FAVORABLE,303,27
,260,"<span data-column-name=""view"" class=""operation-item"">",0130939A,Ecole maternelle Saint-Loup Castel Joli,Public,13010,,,0491447301,,ce.0130939A@ac-aix-marseille.fr,113,Eger ou rationalise 1950/1960,27,NULL,NULL,NULL,NULL
,261,"<span data-column-name=""view"" class=""operation-item"">",0130941C,Ecole maternelle Saint-Marcel,Public,13011,,,0491449950,,ce.0130941C@ac-aix-marseille.fr,92,Eger ou rationalise 1950/1960,24,4,FAVORABLE,97,14
,262,"<span data-column-name=""view"" class=""operation-item"">",0130949L,Ecole maternelle Sinoncelli,Public,13014,,,0491640395,,ce.0130949L@ac-aix-marseille.fr,267,Eger ou rationalise 1950/1960,27,2,DEFAVORABLE,678,54
,263,"<span data-column-name=""view"" class=""operation-item"">",0130950M,Ecole maternelle Square Michelet,Public,13009,,,0491760131,,ce.0130950M@ac-aix-marseille.fr,91,Eger ou rationalise 1950/1960,29,4,DEFAVORABLE,233,22
,264,"<span data-column-name=""view"" class=""operation-item"">",0130954S,Ecole maternelle Jouvène Valentine,Public,13011,,,0491430063,,ce.0130954S@ac-aix-marseille.fr,177,Conventionnelle et autres,28,4,FAVORABLE,174,21
,265,"<span data-column-name=""view"" class=""operation-item"">",0130833K,Ecole maternelle Abbé de l'Epée,Public,13005,,,0491341216,,ce.0130833K@ac-aix-marseille.fr,237,Eger ou rationalise 1950/1960,29,4,FAVORABLE,226,10
,266,"<span data-column-name=""view"" class=""operation-item"">",0130841U,Ecole maternelle La Baume,Public,13009,,,0491400744,,ce.0130841U@ac-aix-marseille.fr,65,Eger ou rationalise 1950/1960,23,4,FAVORABLE,139,18
,267,"<span data-column-name=""view"" class=""operation-item"">",0130842V,Ecole maternelle Beaumont Bombardière,Public,13012,,,0491933416,,ce.0130842V@ac-aix-marseille.fr,118,Eger ou rationalise 1950/1960,26,4,FAVORABLE,0,0
,268,"<span data-column-name=""view"" class=""operation-item"">",0130844X,Ecole maternelle Belle de Mai,Public,13003,,,0491621713,,ce.0130844X@ac-aix-marseille.fr,156,Ferry jusqu’en 1936,27,4,FAVORABLE,162,15
,269,"<span data-column-name=""view"" class=""operation-item"">",0130845Y,Ecole maternelle Révolution,Public,13003,,,0491025768,,ce.0130845Y@ac-aix-marseille.fr,255,Ferry jusqu’en 1936,26,NULL,NULL,NULL,NULL
,270,"<span data-column-name=""view"" class=""operation-item"">",0130846Z,Ecole maternelle des Bergers,Public,13006,,,0491476362,,ce.0130846Z@ac-aix-marseille.fr,239,Maison d’Ecole,25,4,FAVORABLE,184,22
,271,"<span data-column-name=""view"" class=""operation-item"">",0130848B,Ecole maternelle La Blancarde,Public,13012,,,0491493782,,ce.0130848B@ac-aix-marseille.fr,140,,27,3,FAVORABLE,381,30
,272,"<span data-column-name=""view"" class=""operation-item"">",0130857L,Ecole maternelle Calanques de Sormiou,Public,13009,,,0491252185,,ce.0130857L@ac-aix-marseille.fr,88,Eger ou rationalise 1950/1960,24,4,DEFAVORABLE,191,23
,273,"<span data-column-name=""view"" class=""operation-item"">",0130861R,Ecole maternelle Louis Botinelly,Public,13004,,,0491496079,,ce.0130861R@ac-aix-marseille.fr,96,Maison d’Ecole,23,4,FAVORABLE,98,15
,274,"<span data-column-name=""view"" class=""operation-item"">",0130867X,Ecole maternelle des Dames,Public,13002,,,0491915539,,ce.0130867X@ac-aix-marseille.fr,120,Conventionnelle et autres,22,4,DEFAVORABLE,135,50
,275,"<span data-column-name=""view"" class=""operation-item"">",0130871B,Ecole maternelle Etienne Milan,Public,13008,,,0491762129,,ce.0130871B@ac-aix-marseille.fr,96,GEEP,24,5,FAVORABLE,98,9
,276,"<span data-column-name=""view"" class=""operation-item"">",0130873D,Ecole maternelle Extérieur,Public,13015,,,0491504215,,ce.0130873D@ac-aix-marseille.fr,194,Ferry jusqu’en 1936,24,3,FAVORABLE,300,37
,277,"<span data-column-name=""view"" class=""operation-item"">",0130876G,Ecole maternelle Fraissinet,Public,13005,,,0491481206,,ce.0130876G@ac-aix-marseille.fr,120,Eger ou rationalise 1950/1960,28,3,FAVORABLE,302,58
,278,"<span data-column-name=""view"" class=""operation-item"">",0130879K,Ecole maternelle Grand Saint Giniez,Public,13008,,,0491762050,,ce.0130879K@ac-aix-marseille.fr,82,Eger ou rationalise 1950/1960,29,4,FAVORABLE,203,19
,279,"<span data-column-name=""view"" class=""operation-item"">",0130916A,Ecole maternelle Rose Saint Théodore,Public,13013,,,0491663561,,ce.0130916A@ac-aix-marseille.fr,79,Eger ou rationalise 1950/1960,21,NULL,NULL,NULL,NULL
,280,"<span data-column-name=""view"" class=""operation-item"">",0130917B,Ecole maternelle La Rosière,Public,13012,,,0491930040,,ce.0130917B@ac-aix-marseille.fr,152,GEEP,26,3,DEFAVORABLE,520,43
,281,"<span data-column-name=""view"" class=""operation-item"">",0130921F,Ecole maternelle La Rouvière,Public,13009,,,0491413421,,ce.0130921F@ac-aix-marseille.fr,153,Eger ou rationalise 1950/1960,27,4,FAVORABLE,507,40
,282,"<span data-column-name=""view"" class=""operation-item"">",0130922G,Ecole maternelle Roy d'Espagne 1,Public,13008,,,0491731975,,ce.0130922G@ac-aix-marseille.fr,137,GEEP,26,3,DEFAVORABLE,237,28
,283,"<span data-column-name=""view"" class=""operation-item"">",0130933U,Ecole maternelle Saint-Joseph Servières,Public,13015,,,0491606167,,ce.0130933U@ac-aix-marseille.fr,87,Eger ou rationalise 1950/1960,21,4,FAVORABLE,87,13
,284,"<span data-column-name=""view"" class=""operation-item"">",0130934V,Ecole maternelle Saint-Julien,Public,13012,,,0491931795,,ce.0130934V@ac-aix-marseille.fr,132,Eger ou rationalise 1950/1960,28,4,FAVORABLE,148,10
,285,"<span data-column-name=""view"" class=""operation-item"">",0130946H,Ecole maternelle Sainte-Marguerite,Public,13009,,,0632873385,,ce.0130946H@ac-aix-marseille.fr,110,Maison d’Ecole,29,NULL,NULL,NULL,NULL
,286,"<span data-column-name=""view"" class=""operation-item"">",0130957V,Ecole maternelle Vincent Leblanc,Public,13002,,,0491916372,,ce.0130957V@ac-aix-marseille.fr,93,Ferry jusqu’en 1936,23,4,DEFAVORABLE,238,21
,287,"<span data-column-name=""view"" class=""operation-item"">",0131231T,Ecole maternelle Calade,Public,13015,,,0491601102,,ce.0131231T@ac-aix-marseille.fr,81,Ferry jusqu’en 1936,27,4,FAVORABLE,79,9
,288,"<span data-column-name=""view"" class=""operation-item"">",0131245H,Ecole maternelle Castellas Les Lions,Public,13015,,,0491600321,,ce.0131245H@ac-aix-marseille.fr,184,GEEP,24,4,FAVORABLE,100,19
,289,"<span data-column-name=""view"" class=""operation-item"">",0131251P,Ecole maternelle Parc des Chartreux,Public,13013,,,0491664741,,ce.0131251P@ac-aix-marseille.fr,107,GEEP,26,4,FAVORABLE,103,12
,290,"<span data-column-name=""view"" class=""operation-item"">",0131270K,Ecole maternelle Sainte-Marthe,Public,13014,,,0491983992,,ce.0131270K@ac-aix-marseille.fr,168,GEEP,23,3,DEFAVORABLE,419,40
,291,"<span data-column-name=""view"" class=""operation-item"">",0131280W,Ecole maternelle Merlan Cerisaie,Public,13014,,,0491981074,,ce.0131280W@ac-aix-marseille.fr,136,Eger ou rationalise 1950/1960,22,4,FAVORABLE,140,14
,292,"<span data-column-name=""view"" class=""operation-item"">",0131534X,Ecole maternelle Cité Azoulay,Public,13008,,,0491762175,,ce.0131534X@ac-aix-marseille.fr,155,GEEP,26,3,FAVORABLE,372,34
,293,"<span data-column-name=""view"" class=""operation-item"">",0131562C,Ecole maternelle Valmante,Public,13009,,,0491411825,,ce.0131562C@ac-aix-marseille.fr,79,Conventionnelle et autres,20,4,FAVORABLE,79,9
,294,"<span data-column-name=""view"" class=""operation-item"">",0131563D,Ecole maternelle Saint-Just Corot,Public,13013,,,0491663875,,ce.0131563D@ac-aix-marseille.fr,190,Eger ou rationalise 1950/1960,25,4,FAVORABLE,202,20
,295,"<span data-column-name=""view"" class=""operation-item"">",0131643R,Ecole maternelle Flotte,Public,13008,,,0491761966,,ce.0131643R@ac-aix-marseille.fr,112,Prefabrique ou industrialise,24,3,FAVORABLE,325,20
,296,"<span data-column-name=""view"" class=""operation-item"">",0131648W,Ecole maternelle Rose Val Plan,Public,13013,,,0491660415,,ce.0131648W@ac-aix-marseille.fr,185,Eger ou rationalise 1950/1960,24,3,DEFAVORABLE,506,39
,297,"<span data-column-name=""view"" class=""operation-item"">",0131832W,Ecole maternelle Saint-Jérôme Susini,Public,13013,,,0491663860,,ce.0131832W@ac-aix-marseille.fr,59,Eger ou rationalise 1950/1960,20,NULL,NULL,NULL,NULL
,298,"<span data-column-name=""view"" class=""operation-item"">",0131924W,Ecole maternelle Mazargues Grande Bastide,Public,13009,,,0491401295,,ce.0131924W@ac-aix-marseille.fr,77,Conventionnelle et autres,21,NULL,NULL,NULL,NULL
,299,"<span data-column-name=""view"" class=""operation-item"">",0132189J,Ecole maternelle Saint-Joseph Les Micocouliers,Public,13014,,,0491607569,,ce.0132189J@ac-aix-marseille.fr,68,Autre industrialise & hors modèle,20,5,FAVORABLE,93,13
,300,"<span data-column-name=""view"" class=""operation-item"">",0132271Y,Ecole maternelle Saint-Loup Centre,Public,13010,,,0491447310,,ce.0132271Y@ac-aix-marseille.fr,97,Eger ou rationalise 1950/1960,26,NULL,NULL,NULL,NULL
,301,"<span data-column-name=""view"" class=""operation-item"">",0132430W,Ecole maternelle Rose Sauvagine,Public,13013,,,0491664349,,ce.0132430W@ac-aix-marseille.fr,101,Eger ou rationalise 1950/1960,28,4,FAVORABLE,226,20
,302,"<span data-column-name=""view"" class=""operation-item"">",0132432Y,Ecole maternelle Vallon-des-Tuves,Public,13015,,,0491656210,,ce.0132432Y@ac-aix-marseille.fr,62,Autre industrialise & hors modèle,17,5,FAVORABLE,138,18
,303,"<span data-column-name=""view"" class=""operation-item"">",0132434A,Ecole maternelle Saint-Barthélémy Flamants,Public,13014,,,0491982342,,ce.0132434A@ac-aix-marseille.fr,173,Autre industrialise & hors modèle,19,3,DEFAVORABLE,358,36
,304,"<span data-column-name=""view"" class=""operation-item"">",0132504B,Ecole maternelle Les Trois Lucs,Public,13012,,,0491937146,,ce.0132504B@ac-aix-marseille.fr,146,GEEP,30,4,FAVORABLE,144,15
,305,"<span data-column-name=""view"" class=""operation-item"">",0132527B,Ecole maternelle Maurelle Jonquilles,Public,13013,,,0491937836,,ce.0132527B@ac-aix-marseille.fr,88,Eger ou rationalise 1950/1960,21,5,FAVORABLE,74,14
,306,"<span data-column-name=""view"" class=""operation-item"">",0132575D,Ecole maternelle La Soude,Public,13009,,,0491402987,,ce.0132575D@ac-aix-marseille.fr,137,Conventionnelle et autres,24,3,FAVORABLE,310,NULL
,307,"<span data-column-name=""view"" class=""operation-item"">",0132747R,Ecole maternelle Bastide Saint-Jean,Public,13012,,,0491347550,,ce.0132747R@ac-aix-marseille.fr,53,Conventionnelle et autres,26,NULL,NULL,NULL,NULL
,308,"<span data-column-name=""view"" class=""operation-item"">",0133039H,Ecole maternelle Villette Fonscolombe,Public,13003,,,0491503860,,ce.0133039H@ac-aix-marseille.fr,171,Autre industrialise & hors modèle,23,4,DEFAVORABLE,151,22
,309,"<span data-column-name=""view"" class=""operation-item"">",0133093S,Ecole maternelle Butte des Carmes,Public,13002,,,0491916859,,ce.0133093S@ac-aix-marseille.fr,86,Conventionnelle et autres,22,3,FAVORABLE,409,36
,310,"<span data-column-name=""view"" class=""operation-item"">",0131281X,Ecole maternelle Maurelette,Public,13015,,,0491601687,,ce.0131281X@ac-aix-marseille.fr,151,GEEP,24,NULL,NULL,NULL,NULL
,311,"<span data-column-name=""view"" class=""operation-item"">",0131542F,Ecole maternelle Font Vert,Public,13014,,,0491983295,,ce.0131542F@ac-aix-marseille.fr,171,Autre industrialise & hors modèle,26,NULL,NULL,NULL,NULL
,312,"<span data-column-name=""view"" class=""operation-item"">",0131547L,Ecole maternelle Raymond Teisseire,Public,13008,,,0491793510,,ce.0131547L@ac-aix-marseille.fr,159,Eger ou rationalise 1950/1960,25,3,FAVORABLE,479,40
,313,"<span data-column-name=""view"" class=""operation-item"">",0131560A,Ecole maternelle Chartreux Ivaldi,Public,13004,,,0491642730,,ce.0131560A@ac-aix-marseille.fr,210,Prefabrique ou industrialise,30,3,DEFAVORABLE,566,61
,314,"<span data-column-name=""view"" class=""operation-item"">",0131646U,Ecole maternelle Mazargues Vaccaro,Public,13009,,,0491401327,,ce.0131646U@ac-aix-marseille.fr,102,GEEP,23,3,DEFAVORABLE,152,23
,315,"<span data-column-name=""view"" class=""operation-item"">",0131650Y,Ecole maternelle Parc Kalliste,Public,13015,,,0491513785,,ce.0131650Y@ac-aix-marseille.fr,184,GEEP,22,4,FAVORABLE,187,20
,316,"<span data-column-name=""view"" class=""operation-item"">",0132148P,Ecole maternelle Granière,Public,13015,,,0491961536,,ce.0132148P@ac-aix-marseille.fr,84,GEEP,25,NULL,NULL,NULL,NULL
,317,"<span data-column-name=""view"" class=""operation-item"">",0132200W,Ecole maternelle Rose Frais Vallon Centre,Public,13013,,,0491662452,,ce.0132200W@ac-aix-marseille.fr,87,Autre industrialise & hors modèle,22,NULL,NULL,NULL,NULL
,318,"<span data-column-name=""view"" class=""operation-item"">",0132289T,Ecole maternelle Les Camoins,Public,13011,,,0491430728,,ce.0132289T@ac-aix-marseille.fr,117,Maison d’Ecole,30,NULL,NULL,NULL,NULL
,319,"<span data-column-name=""view"" class=""operation-item"">",0132301F,Ecole maternelle Amédée Autran,Public,13007,,,0491520756,,ce.0132301F@ac-aix-marseille.fr,72,GEEP,24,4,DEFAVORABLE,201,13
,320,"<span data-column-name=""view"" class=""operation-item"">",0132351K,Ecole maternelle Les Prairies,Public,13013,,,0491661986,,ce.0132351K@ac-aix-marseille.fr,101,Eger ou rationalise 1950/1960,27,NULL,NULL,NULL,NULL
,321,"<span data-column-name=""view"" class=""operation-item"">",0132356R,Ecole maternelle Fondacle,Public,13013,,,0491665220,,ce.0132356R@ac-aix-marseille.fr,83,Autre industrialise & hors modèle,26,5,FAVORABLE,80,10
,322,"<span data-column-name=""view"" class=""operation-item"">",0132377N,Ecole maternelle Croix Rouge,Public,13013,,,0491686993,,ce.0132377N@ac-aix-marseille.fr,116,Autre industrialise & hors modèle,22,NULL,NULL,NULL,NULL
,323,"<span data-column-name=""view"" class=""operation-item"">",0132498V,Ecole maternelle Solidarité 2,Public,13015,,,0491514537,,ce.0132498V@ac-aix-marseille.fr,62,Autre industrialise & hors modèle,21,4,FAVORABLE,154,19
,324,"<span data-column-name=""view"" class=""operation-item"">",0132611T,Ecole maternelle Solidarité 1,Public,13015,,,0491514617,,ce.0132611T@ac-aix-marseille.fr,89,Autre industrialise & hors modèle,21,4,FAVORABLE,154,19
,325,"<span data-column-name=""view"" class=""operation-item"">",0132625H,Ecole maternelle Parade,Public,13013,,,0491685402,,ce.0132625H@ac-aix-marseille.fr,197,Autre industrialise & hors modèle,28,3,FAVORABLE,488,36
,326,"<span data-column-name=""view"" class=""operation-item"">",0132800Y,Ecole maternelle Luminy,Public,13009,,,0491413098,,ce.0132800Y@ac-aix-marseille.fr,33,Conventionnelle et autres,16,4,DEFAVORABLE,52,8
,327,"<span data-column-name=""view"" class=""operation-item"">",0132906N,Ecole maternelle Malpassé Les Floralies,Public,13013,,,0491708487,,ce.0132906N@ac-aix-marseille.fr,131,Autre industrialise & hors modèle,25,4,FAVORABLE,123,15
,328,"<span data-column-name=""view"" class=""operation-item"">",0133246H,Ecole maternelle Prado Plage,Public,13008,,,0491773799,,ce.0133246H@ac-aix-marseille.fr,97,Conventionnelle et autres,26,4,FAVORABLE,251,25
,329,"<span data-column-name=""view"" class=""operation-item"">",0133819F,ECOLE MATERNELLE DESIREE CLARY,Public,13002,,,0491316649,,ce.0133819F@ac-aix-marseille.fr,196,Conventionnelle et autres,24,3,FAVORABLE,424,22
,330,"<span data-column-name=""view"" class=""operation-item"">",0133820G,ECOLE MATERNELLE ZAC CHATEAU GOMBERT,Public,13013,,,,,ce.0133820G@ac-aix-marseille.fr,175,Conventionnelle et autres,29,NULL,NULL,NULL,NULL
,331,"<span data-column-name=""view"" class=""operation-item"">",0130840T,Ecole maternelle Chutes Lavie HLM Méditerranée,Public,13004,,,0491504219,,ce.0130840T@ac-aix-marseille.fr,179,Autre industrialise & hors modèle,22,4,DEFAVORABLE,189,21
,332,"<span data-column-name=""view"" class=""operation-item"">",0130847A,Ecole maternelle Bernabo,Public,13015,,,0491600306,,ce.0130847A@ac-aix-marseille.fr,132,Autre industrialise & hors modèle,26,4,FAVORABLE,141,16
,333,"<span data-column-name=""view"" class=""operation-item"">",0130851E,Ecole maternelle Bonneveine,Public,13008,,,0491730448,,ce.0130851E@ac-aix-marseille.fr,88,Eger ou rationalise 1950/1960,30,3,FAVORABLE,367,30
,334,"<span data-column-name=""view"" class=""operation-item"">",0130852F,Ecole maternelle La Busserine,Public,13014,,,0491983293,,ce.0130852F@ac-aix-marseille.fr,196,Eger ou rationalise 1950/1960,23,3,DEFAVORABLE,438,50
,335,"<span data-column-name=""view"" class=""operation-item"">",0130858M,Ecole maternelle Chartreux HBM,Public,13004,,,0491063354,,ce.0130858M@ac-aix-marseille.fr,83,Conventionnelle et autres,28,NULL,NULL,NULL,NULL
,336,"<span data-column-name=""view"" class=""operation-item"">",0130862S,Ecole maternelle Chutes Lavie,Public,13004,,,0491504180,,ce.0130862S@ac-aix-marseille.fr,16,Maison d’Ecole,18,5,DEFAVORABLE,16,2
,337,"<span data-column-name=""view"" class=""operation-item"">",0130869Z,Ecole maternelle Estaque Plage,Public,13016,,,0491460127,,ce.0130869Z@ac-aix-marseille.fr,67,Ferry jusqu’en 1936,24,NULL,NULL,NULL,NULL
,338,"<span data-column-name=""view"" class=""operation-item"">",0130870A,Ecole maternelle Estaque Riaux,Public,13016,,,0491460067,,ce.0130870A@ac-aix-marseille.fr,58,Eger ou rationalise 1950/1960,24,NULL,NULL,NULL,NULL
,339,"<span data-column-name=""view"" class=""operation-item"">",0130872C,Ecole maternelle de l'Evêché,Public,13002,,,0491904648,,ce.0130872C@ac-aix-marseille.fr,164,Ferry jusqu’en 1936,23,3,FAVORABLE,308,14
,340,"<span data-column-name=""view"" class=""operation-item"">",0130880L,Ecole maternelle Hôtel des Postes,Public,13001,,,0491907432,,ce.0130880L@ac-aix-marseille.fr,117,Ferry jusqu’en 1936,25,4,DEFAVORABLE,125,15
,341,"<span data-column-name=""view"" class=""operation-item"">",0130882N,Ecole maternelle Fiolle-Breteuil,Public,13006,,,0491375829,,ce.0130882N@ac-aix-marseille.fr,77,Ferry jusqu’en 1936,29,4,FAVORABLE,93,10
,342,"<span data-column-name=""view"" class=""operation-item"">",0130883P,Ecole maternelle Jean Mermoz,Public,13008,,,0491775261,,ce.0130883P@ac-aix-marseille.fr,171,GEEP,31,4,DEFAVORABLE,174,15
,343,"<span data-column-name=""view"" class=""operation-item"">",0130884R,Ecole maternelle Le Corbusier,Public,13008,,,0491764361,,ce.0130884R@ac-aix-marseille.fr,35,Conventionnelle et autres,21,NULL,NULL,NULL,NULL
,344,"<span data-column-name=""view"" class=""operation-item"">",0130892Z,Ecole maternelle Menpenti,Public,13010,,,0491804466,,ce.0130892Z@ac-aix-marseille.fr,214,Maison d’Ecole,24,3,FAVORABLE,516,44
,345,"<span data-column-name=""view"" class=""operation-item"">",0130898F,Ecole maternelle Lapin Blanc des Neiges,Public,13008,,,0491733279,,ce.0130898F@ac-aix-marseille.fr,120,Eger ou rationalise 1950/1960,30,4,FAVORABLE,86,10
,346,"<span data-column-name=""view"" class=""operation-item"">",0130908S,Ecole maternelle La Pauline,Public,13009,,,0491755331,,ce.0130908S@ac-aix-marseille.fr,124,Eger ou rationalise 1950/1960,31,4,FAVORABLE,331,18
,347,"<span data-column-name=""view"" class=""operation-item"">",0130911V,Ecole maternelle La Pointe Rouge,Public,13008,,,0491734719,,ce.0130911V@ac-aix-marseille.fr,124,Maison d’Ecole,31,4,DEFAVORABLE,123,13
,348,"<span data-column-name=""view"" class=""operation-item"">",0130915Z,Ecole maternelle Pont de Vivaux Saccoman,Public,13010,,,0491797831,,ce.0130915Z@ac-aix-marseille.fr,207,Eger ou rationalise 1950/1960,26,3,FAVORABLE,383,36
,349,"<span data-column-name=""view"" class=""operation-item"">",0130923H,Ecole maternelle Peyssonnel,Public,13003,,,0491507712,,ce.0130923H@ac-aix-marseille.fr,187,Eger ou rationalise 1950/1960,27,2,DEFAVORABLE,666,75
,350,"<span data-column-name=""view"" class=""operation-item"">",0130928N,Ecole maternelle Saint-Barthélémy SNCF,Public,13014,,,0491982203,,ce.0130928N@ac-aix-marseille.fr,256,Eger ou rationalise 1950/1960,26,2,DEFAVORABLE,836,83
,351,"<span data-column-name=""view"" class=""operation-item"">",0130938Z,Ecole maternelle Saint-Louis Lévêque,Public,13015,,,0491607163,,ce.0130938Z@ac-aix-marseille.fr,156,Eger ou rationalise 1950/1960,26,NULL,NULL,NULL,NULL
,352,"<span data-column-name=""view"" class=""operation-item"">",0130942D,Ecole maternelle Saint-Pierre,Public,13005,,,0491479237,,ce.0130942D@ac-aix-marseille.fr,137,Ferry jusqu’en 1936,30,4,FAVORABLE,142,14
,353,"<span data-column-name=""view"" class=""operation-item"">",0130951N,Ecole maternelle Strasbourg,Public,13003,,,0491507205,,ce.0130951N@ac-aix-marseille.fr,153,Ferry jusqu’en 1936,26,4,FAVORABLE,166,10
,354,"<span data-column-name=""view"" class=""operation-item"">",0130745P,Ecole maternelle Maurelle,Public,13013,,,0491933855,,ce.0130745P@ac-aix-marseille.fr,47,Eger ou rationalise 1950/1960,19,5,DEFAVORABLE,35,9
,355,"<span data-column-name=""view"" class=""operation-item"">",0132476W,Ecole maternelle Emile Vayssière,Public,13014,,,0491981945,,ce.0132476W@ac-aix-marseille.fr,150,GEEP,22,4,FAVORABLE,149,15
,356,"<span data-column-name=""view"" class=""operation-item"">",0131246J,Ecole maternelle Rose Castors,Public,13013,,,0491663567,,ce.0131246J@ac-aix-marseille.fr,90,Eger ou rationalise 1950/1960,27,4,FAVORABLE,109,15
,357,"<span data-column-name=""view"" class=""operation-item"">",0131252R,Ecole maternelle Saint-Thys,Public,13010,,,0491447035,,ce.0131252R@ac-aix-marseille.fr,43,GEEP,21,NULL,NULL,NULL,NULL
,358,"<span data-column-name=""view"" class=""operation-item"">",0131531U,Ecole maternelle Château Sec,Public,13009,,,0491754034,,ce.0131531U@ac-aix-marseille.fr,64,Eger ou rationalise 1950/1960,26,NULL,NULL,NULL,NULL
,359,"<span data-column-name=""view"" class=""operation-item"">",0131545J,Ecole maternelle Saint-Tronc La Rose,Public,13010,,,0491755280,,ce.0131545J@ac-aix-marseille.fr,179,Eger ou rationalise 1950/1960,30,3,FAVORABLE,463,25
,360,"<span data-column-name=""view"" class=""operation-item"">",0131620R,Ecole maternelle La Grognarde,Public,13011,,,0491447297,,ce.0131620R@ac-aix-marseille.fr,178,Conventionnelle et autres,29,4,FAVORABLE,180,NULL
,361,"<span data-column-name=""view"" class=""operation-item"">",0131653B,Ecole maternelle La Visitation,Public,13014,,,0491982481,,ce.0131653B@ac-aix-marseille.fr,74,GEEP,24,NULL,NULL,NULL,NULL
,362,"<span data-column-name=""view"" class=""operation-item"">",0131655D,Ecole maternelle Aygalades Nouvelles,Public,13015,,,0491607768,,ce.0131655D@ac-aix-marseille.fr,69,Ferry jusqu’en 1936,24,4,FAVORABLE,72,14
,363,"<span data-column-name=""view"" class=""operation-item"">",0131830U,Ecole maternelle Saint-André Castellane,Public,13016,,,0491460885,,ce.0131830U@ac-aix-marseille.fr,132,GEEP,22,3,DEFAVORABLE,364,43
,364,"<span data-column-name=""view"" class=""operation-item"">",0131831V,Ecole maternelle Cabot Allée des Pins,Public,13009,,,0491413442,,ce.0131831V@ac-aix-marseille.fr,160,Conventionnelle et autres,27,4,DEFAVORABLE,182,15
,365,"<span data-column-name=""view"" class=""operation-item"">",0131928A,Ecole maternelle Les Lierres,Public,13012,,,0491931670,,ce.0131928A@ac-aix-marseille.fr,76,Maison d’Ecole,27,5,FAVORABLE,90,8
,366,"<span data-column-name=""view"" class=""operation-item"">",0132191L,Ecole maternelle Saint-André Barnier,Public,13015,,,0491460629,,ce.0132191L@ac-aix-marseille.fr,119,,22,4,DEFAVORABLE,135,14
,367,"<span data-column-name=""view"" class=""operation-item"">",0132198U,Ecole maternelle Saint-Jérôme Place,Public,13013,,,0491664017,,ce.0132198U@ac-aix-marseille.fr,63,Ferry jusqu’en 1936,22,NULL,NULL,NULL,NULL
,368,"<span data-column-name=""view"" class=""operation-item"">",0132199V,Ecole maternelle Air Bel,Public,13011,,,0491352723,,ce.0132199V@ac-aix-marseille.fr,192,Conventionnelle et autres,21,NULL,NULL,NULL,NULL
,369,"<span data-column-name=""view"" class=""operation-item"">",0132350J,Ecole maternelle La Fourragère,Public,13012,,,0491935858,,ce.0132350J@ac-aix-marseille.fr,178,Conventionnelle et autres,30,3,FAVORABLE,418,39
,370,"<span data-column-name=""view"" class=""operation-item"">",0132421L,Ecole maternelle Savine,Public,13015,,,0491652556,,ce.0132421L@ac-aix-marseille.fr,90,Autre industrialise & hors modèle,21,NULL,NULL,NULL,NULL
,371,"<span data-column-name=""view"" class=""operation-item"">",0132529D,Ecole maternelle Estaque Gare,Public,13016,,,0491460249,,ce.0132529D@ac-aix-marseille.fr,80,Ferry jusqu’en 1936,23,4,FAVORABLE,244,18
,372,"<span data-column-name=""view"" class=""operation-item"">",0132905M,Ecole maternelle Haïti,Public,13012,,,0491342131,,ce.0132905M@ac-aix-marseille.fr,76,Conventionnelle et autres,25,NULL,NULL,NULL,NULL
,373,"<span data-column-name=""view"" class=""operation-item"">",0133018K,Ecole maternelle Parc Berger,Public,13009,,,0491417192,,ce.0133018K@ac-aix-marseille.fr,92,Conventionnelle et autres,28,NULL,NULL,NULL,NULL
,374,"<span data-column-name=""view"" class=""operation-item"">",0133920R,ECOLE MATERNELLE JOBIN-CADENAT,Public,13003,,,0491951452,,ce.0133920R@ac-aix-marseille.fr,132,Front populaire 1936/1938,27,3,DEFAVORABLE,475,19
,375,"<span data-column-name=""view"" class=""operation-item"">",0134059S,ECOLEMATERNELLE SAINT SAVOURNIN,Public,13001,,,0491377161,,ce.0134059S@ac-aix-marseille.fr,117,Maison d’Ecole,28,4,FAVORABLE,124,13
,376,"<span data-column-name=""view"" class=""operation-item"">",0130839S,Ecole maternelle La Barasse,Public,13011,,,0491361213,,ce.0130839S@ac-aix-marseille.fr,77,Eger ou rationalise 1950/1960,27,4,FAVORABLE,87,10
,377,"<span data-column-name=""view"" class=""operation-item"">",0130849C,Ecole maternelle Bois Lemaitre,Public,13012,,,0491930629,,ce.0130849C@ac-aix-marseille.fr,109,Eger ou rationalise 1950/1960,29,4,FAVORABLE,272,25
,378,"<span data-column-name=""view"" class=""operation-item"">",0130850D,Ecole maternelle Bois Luzy,Public,13012,,,0491933590,,ce.0130850D@ac-aix-marseille.fr,112,Eger ou rationalise 1950/1960,30,NULL,NULL,NULL,NULL
,379,"<span data-column-name=""view"" class=""operation-item"">",0130853G,Ecole maternelle La Cabucelle,Public,13015,,,0491580087,,ce.0130853G@ac-aix-marseille.fr,162,Maison d’Ecole,26,4,FAVORABLE,156,15
,380,"<span data-column-name=""view"" class=""operation-item"">",0130854H,Ecole maternelle Canet Ambrosini,Public,13014,,,0491673552,,ce.0130854H@ac-aix-marseille.fr,189,Autre industrialise & hors modèle,27,3,FAVORABLE,389,25
,381,"<span data-column-name=""view"" class=""operation-item"">",0130855J,Ecole maternelle Canet Larousse,Public,13014,,,0491675317,,ce.0130855J@ac-aix-marseille.fr,226,Eger ou rationalise 1950/1960,25,3,DEFAVORABLE,589,40
,382,"<span data-column-name=""view"" class=""operation-item"">",0130856K,Ecole maternelle Capelette,Public,13010,,,0491796726,,ce.0130856K@ac-aix-marseille.fr,130,Maison d’Ecole,27,4,FAVORABLE,196,14
,383,"<span data-column-name=""view"" class=""operation-item"">",0130864U,Ecole maternelle Clair Soleil,Public,13014,,,0491673774,,ce.0130864U@ac-aix-marseille.fr,132,Eger ou rationalise 1950/1960,27,2,FAVORABLE,664,97
,384,"<span data-column-name=""view"" class=""operation-item"">",0130877H,Ecole maternelle Delphes,Public,13006,,,0491784614,,ce.0130877H@ac-aix-marseille.fr,196,Conventionnelle et autres,27,4,FAVORABLE,250,23
,385,"<span data-column-name=""view"" class=""operation-item"">",0130881M,Ecole maternelle Kleber,Public,13003,,,0491626237,,ce.0130881M@ac-aix-marseille.fr,130,Ferry jusqu’en 1936,27,4,FAVORABLE,135,12
,386,"<span data-column-name=""view"" class=""operation-item"">",0130887U,Ecole maternelle Madrague Montredon,Public,13008,,,0491733403,,ce.0130887U@ac-aix-marseille.fr,63,Eger ou rationalise 1950/1960,24,NULL,NULL,NULL,NULL
,387,"<span data-column-name=""view"" class=""operation-item"">",0130890X,Ecole maternelle Parmentier,Public,13001,,,0491911423,,ce.0130890X@ac-aix-marseille.fr,266,Maison d’Ecole,27,4,FAVORABLE,270,26
,388,"<span data-column-name=""view"" class=""operation-item"">",0130901J,Ecole maternelle Oddo,Public,13015,,,0491580024,,ce.0130901J@ac-aix-marseille.fr,244,Ferry jusqu’en 1936,24,4,FAVORABLE,263,25
,389,"<span data-column-name=""view"" class=""operation-item"">",0130902K,Ecole maternelle Les Olives,Public,13013,,,0491663625,,ce.0130902K@ac-aix-marseille.fr,89,Eger ou rationalise 1950/1960,29,NULL,NULL,NULL,NULL
,390,"<span data-column-name=""view"" class=""operation-item"">",0130914Y,Ecole maternelle Pommier,Public,13003,,,0491640358,,ce.0130914Y@ac-aix-marseille.fr,367,Ferry jusqu’en 1936,25,4,DEFAVORABLE,367,41
,391,"<span data-column-name=""view"" class=""operation-item"">",0130924J,Ecole maternelle Saint-André Boisseau,Public,13016,,,0491460257,,ce.0130924J@ac-aix-marseille.fr,113,Ferry jusqu’en 1936,23,4,FAVORABLE,11,98
,392,"<span data-column-name=""view"" class=""operation-item"">",0130926L,Ecole maternelle Saint-Antoine Palanque,Public,13015,,,0491656828,,ce.0130926L@ac-aix-marseille.fr,132,Eger ou rationalise 1950/1960,22,4,FAVORABLE,136,15
,393,"<span data-column-name=""view"" class=""operation-item"">",0130927M,Ecole maternelle Saint-Barnabé,Public,13012,,,0491496988,,ce.0130927M@ac-aix-marseille.fr,88,Ferry jusqu’en 1936,31,4,FAVORABLE,88,7
,394,"<span data-column-name=""view"" class=""operation-item"">",0130944F,Ecole maternelle Saint-Vincent-de-Paul,Public,13004,,,0491428611,,ce.0130944F@ac-aix-marseille.fr,192,Maison d’Ecole,27,4,FAVORABLE,209,22
,395,"<span data-column-name=""view"" class=""operation-item"">",0130945G,Ecole maternelle Sainte-Anne,Public,13008,,,0491761936,,ce.0130945G@ac-aix-marseille.fr,155,Conventionnelle et autres,29,4,FAVORABLE,174,20
,396,"<span data-column-name=""view"" class=""operation-item"">",0130947J,Ecole maternelle Sainte-Sophie,Public,13004,,,0491491815,,ce.0130947J@ac-aix-marseille.fr,140,Ferry jusqu’en 1936,26,4,FAVORABLE,138,9
,397,"<span data-column-name=""view"" class=""operation-item"">",0130955T,Ecole maternelle Vauban,Public,13006,,,0491372048,,ce.0130955T@ac-aix-marseille.fr,143,Ferry jusqu’en 1936,30,4,FAVORABLE,145,15
,398,"<span data-column-name=""view"" class=""operation-item"">",0131248L,Ecole maternelle Rose Frais Vallon Sud,Public,13013,,,0491663612,,ce.0131248L@ac-aix-marseille.fr,85,Autre industrialise & hors modèle,21,4,FAVORABLE,101,11
,399,"<span data-column-name=""view"" class=""operation-item"">",0131249M,Ecole maternelle La Roseraie,Public,13007,,,0491527233,,ce.0131249M@ac-aix-marseille.fr,104,GEEP,28,4,FAVORABLE,109,12
,400,"<span data-column-name=""view"" class=""operation-item"">",0131250N,Ecole maternelle Saint-Jérôme Village,Public,13013,,,0491662261,,ce.0131250N@ac-aix-marseille.fr,73,Eger ou rationalise 1950/1960,21,4,FAVORABLE,90,9
,401,"<span data-column-name=""view"" class=""operation-item"">",0131268H,Ecole maternelle Aygalades Oasis,Public,13015,,,0491600652,,ce.0131268H@ac-aix-marseille.fr,151,GEEP,24,4,FAVORABLE,143,25
,402,"<span data-column-name=""view"" class=""operation-item"">",0131279V,Ecole maternelle Capelette Mireille Lauze,Public,13010,,,0491797884,,ce.0131279V@ac-aix-marseille.fr,233,Eger ou rationalise 1950/1960,30,4,FAVORABLE,196,14
,403,"<span data-column-name=""view"" class=""operation-item"">",0131644S,Ecole maternelle Bouge,Public,13013,,,0491663484,,ce.0131644S@ac-aix-marseille.fr,119,GEEP,25,3,FAVORABLE,400,NULL
,404,"<span data-column-name=""view"" class=""operation-item"">",0131654C,Ecole maternelle Les Caillols,Public,13012,,,0491931630,,ce.0131654C@ac-aix-marseille.fr,164,Eger ou rationalise 1950/1960,28,NULL,NULL,NULL,NULL
,405,"<span data-column-name=""view"" class=""operation-item"">",0131857Y,Ecole maternelle Les Trois Ponts,Public,13010,,,0491446957,,ce.0131857Y@ac-aix-marseille.fr,67,Eger ou rationalise 1950/1960,23,NULL,NULL,NULL,NULL
,406,"<span data-column-name=""view"" class=""operation-item"">",0132177W,Ecole maternelle Plan d'Aou,Public,13015,,,0491512599,,ce.0132177W@ac-aix-marseille.fr,127,Autre industrialise & hors modèle,22,NULL,NULL,NULL,NULL
,407,"<span data-column-name=""view"" class=""operation-item"">",0132270X,Ecole maternelle Saint-Loup Chanteperdrix,Public,13010,,,0491447249,,ce.0132270X@ac-aix-marseille.fr,77,Conventionnelle et autres,26,NULL,NULL,NULL,NULL
,408,"<span data-column-name=""view"" class=""operation-item"">",0132344C,Ecole maternelle Saint-Louis Consolat,Public,13015,,,0491601521,,ce.0132344C@ac-aix-marseille.fr,180,Eger ou rationalise 1950/1960,25,4,FAVORABLE,180,17
,409,"<span data-column-name=""view"" class=""operation-item"">",0132375L,Ecole maternelle Les Borels,Public,13015,,,0491600239,,ce.0132375L@ac-aix-marseille.fr,70,Eger ou rationalise 1950/1960,24,4,DEFAVORABLE,208,21
,410,"<span data-column-name=""view"" class=""operation-item"">",0132389B,Ecole maternelle Pomme Sainte-Madeleine,Public,13011,,,0491447971,,ce.0132389B@ac-aix-marseille.fr,211,Conventionnelle et autres,29,3,FAVORABLE,530,54
,411,"<span data-column-name=""view"" class=""operation-item"">",0132606M,Ecole maternelle Les Néréides,Public,13011,,,0491353246,,ce.0132606M@ac-aix-marseille.fr,78,Conventionnelle et autres,19,4,FAVORABLE,96,14
,412,"<span data-column-name=""view"" class=""operation-item"">",0132627K,Ecole maternelle Emile Vayssière 3,Public,13014,,,0491983442,,ce.0132627K@ac-aix-marseille.fr,104,GEEP,24,4,FAVORABLE,103,11
,413,"<span data-column-name=""view"" class=""operation-item"">",0132755Z,Ecole maternelle Zac de Bonneveine,Public,13008,,,0491721674,,ce.0132755Z@ac-aix-marseille.fr,105,Conventionnelle et autres,27,3,DEFAVORABLE,344,34
,414,"<span data-column-name=""view"" class=""operation-item"">",0132756A,Ecole maternelle Château Saint-Cyr,Public,13010,,,0491898578,,ce.0132756A@ac-aix-marseille.fr,83,Conventionnelle et autres,25,3,FAVORABLE,351,36
,415,"<span data-column-name=""view"" class=""operation-item"">",0132757B,Ecole maternelle Malpassé Les Lauriers,Public,13013,,,0491703848,,ce.0132757B@ac-aix-marseille.fr,103,Autre industrialise & hors modèle,23,4,FAVORABLE,110,17
,416,"<span data-column-name=""view"" class=""operation-item"">",0132801Z,Ecole maternelle Sainte-Catherine,Public,13008,,,0491733560,,ce.0132801Z@ac-aix-marseille.fr,80,Conventionnelle et autres,26,4,FAVORABLE,81,8
,417,"<span data-column-name=""view"" class=""operation-item"">",0133049U,Ecole maternelle Lapin Blanc,Public,13008,,,0491723607,,ce.0133049U@ac-aix-marseille.fr,79,Eger ou rationalise 1950/1960,25,4,DEFAVORABLE,202,14
,418,"<span data-column-name=""view"" class=""operation-item"">",0133355B,Ecole maternelle Montolieu,Public,13002,,,0491562404,,ce.0133355B@ac-aix-marseille.fr,122,Ferry jusqu’en 1936,24,4,FAVORABLE,126,14
,419,"<span data-column-name=""view"" class=""operation-item"">",0133898S,ECOLE MATERNELLE REPUBLIQUE-MOISSON,Public,13002,,,0491527773,,ce.0133898S@ac-aix-marseille.fr,77,Ferry jusqu’en 1936,26,NULL,NULL,NULL,NULL
,420,"<span data-column-name=""view"" class=""operation-item"">",0133778L,école primaire ruffi,Public,13003,,,0491080915,,ce.0133778L@ac-aix-marseille.fr,306,Prefabrique ou industrialise,20,3,FAVORABLE,303,37
,421,"<span data-column-name=""view"" class=""operation-item"">",0133896P,école primaire cap est,Public,13010,,,0491167220,,ce.0133896P@ac-aix-marseille.fr,238,Prefabrique ou industrialise,26,4,FAVORABLE,240,25
,422,"<span data-column-name=""view"" class=""operation-item"">",0130832J,Ecole primaire Valmont Redon,Public,13009,,,0491411481,,ce.0130832J@ac-aix-marseille.fr,182,Conventionnelle et autres,25,NULL,NULL,NULL,NULL
,423,"<span data-column-name=""view"" class=""operation-item"">",0130599F,Ecole primaire Paix,Public,13006,,,0491546918,,ce.0130599F@ac-aix-marseille.fr,215,Maison d’Ecole,19,3,FAVORABLE,318,25
,424,"<span data-column-name=""view"" class=""operation-item"">",0130743M,Ecole primaire Marius Thomas,Public,13007,,,0491520308,,ce.0130743M@ac-aix-marseille.fr,251,Ferry jusqu’en 1936,27,5,FAVORABLE,120,10
,425,"<span data-column-name=""view"" class=""operation-item"">",0134095F,Ecole primaire Bugeaud,Public,13003,,,0491505284,,ce.0134095F@ac-aix-marseille.fr,408,Prefabrique ou industrialise,19,4,FAVORABLE,258,25
,426,"<span data-column-name=""view"" class=""operation-item"">",0130560N,Ecole primaire Eoures,Public,13011,,,0491430125,,ce.0130560N@ac-aix-marseille.fr,251,Eger ou rationalise 1950/1960,25,4,FAVORABLE,232,20
,427,"<span data-column-name=""view"" class=""operation-item"">",0130566V,Ecole primaire Félix Pyat,Public,13003,,,0491501124,,ce.0130566V@ac-aix-marseille.fr,203,,20,4,FAVORABLE,206,20
,428,"<span data-column-name=""view"" class=""operation-item"">",0130587T,Ecole primaire Mazargues Beauchêne,Public,13009,,,0491401289,,ce.0130587T@ac-aix-marseille.fr,157,Eger ou rationalise 1950/1960,27,4,DEFAVORABLE,159,10
,429,"<span data-column-name=""view"" class=""operation-item"">",0130601H,Ecole primaire Parette Mazenode,Public,13011,,,0491449891,,ce.0130601H@ac-aix-marseille.fr,218,Conventionnelle et autres,23,4,FAVORABLE,209,20
,430,"<span data-column-name=""view"" class=""operation-item"">",0130655S,Ecole primaire La Sauvagère,Public,13010,,,0491752336,,ce.0130655S@ac-aix-marseille.fr,254,Eger ou rationalise 1950/1960,19,4,DEFAVORABLE,163,30
,431,"<span data-column-name=""view"" class=""operation-item"">",0130831H,Ecole primaire La Treille,Public,13011,,,0491431051,,ce.0130831H@ac-aix-marseille.fr,76,Maison d’Ecole,26,4,FAVORABLE,70,6
,432,"<span data-column-name=""view"" class=""operation-item"">",0130515P,Ecole primaire Accates La Valentine,Public,13011,,,0491430290,,ce.0130515P@ac-aix-marseille.fr,134,Maison d’Ecole,27,NULL,NULL,NULL,NULL
,433,"<span data-column-name=""view"" class=""operation-item"">",0130556J,Ecole primaire Croix Rouge 1,Public,13013,,,0491681232,,ce.0130556J@ac-aix-marseille.fr,198,Eger ou rationalise 1950/1960,21,4,FAVORABLE,199,17
,434,"<span data-column-name=""view"" class=""operation-item"">",0134096G,école primaire Michelet Foch,Public,13004,,,,,ce.0134096G@ac-aix-marseille.fr,335,Conventionnelle et autres,28,NULL,NULL,NULL,NULL
,435,"<span data-column-name=""view"" class=""operation-item"">",0132352L,Ecole primairere Saint Tronc Castel Roc,Public,13010,,,0491756550,,ce.0132352L@ac-aix-marseille.fr,450,GEEP,27,3,DEFAVORABLE,468,39
,436,"<span data-column-name=""view"" class=""operation-item"">",0130688C,Ecole primaire Bompard,Public,13007,,,0491526389,,ce.0130688C@ac-aix-marseille.fr,125,Maison d’Ecole,26,4,FAVORABLE,129,13
,437,"<span data-column-name=""view"" class=""operation-item"">",0134273Z,Ecole primaire Chanterelle,Public,13001,,,0413948003,,ce.0134273Z@ac-aix-marseille.fr,140,NULL,NULL,4,FAVORABLE,270,20
,438,"<span data-column-name=""view"" class=""operation-item"">",0133970V,école primaire busserade-massena,Public,13003,,,0491089904,,ce.0133970V@ac-aix-marseille.fr,278,Prefabrique ou industrialise,20,NULL,NULL,NULL,NULL
,439,"<span data-column-name=""view"" class=""operation-item"">",0134167J,école primaire rouet charles alle,Public,13008,,,0496190815,,ce.0134167J@ac-aix-marseille.fr,235,Conventionnelle et autres,27,3,FAVORABLE,424,14
,440,"<span data-column-name=""view"" class=""operation-item"">",0134225X,Ecole primaire publique André Allar,Public,13015,,,0413948001,,ce.0134225X@ac-aix-marseille.fr,148,Autre industrialise & hors modèle,18,4,FAVORABLE,150,10
,441,"<span data-column-name=""view"" class=""operation-item"">",0130580K,Ecole primaire Loubière,Public,13005,,,0491422137,,ce.0130580K@ac-aix-marseille.fr,378,Ferry jusqu’en 1936,24,4,FAVORABLE,364,29
,442,"<span data-column-name=""view"" class=""operation-item"">",0130616Z,Ecole primaire Rose,Public,13013,,,0491662171,,ce.0130616Z@ac-aix-marseille.fr,248,Ferry jusqu’en 1936,19,4,FAVORABLE,236,22
,443,"<span data-column-name=""view"" class=""operation-item"">",0130918C,Ecole primaire Roucas Blanc,Public,13007,,,0491526926,,ce.0130918C@ac-aix-marseille.fr,227,Ferry jusqu’en 1936,26,4,FAVORABLE,228,20
,444,"<span data-column-name=""view"" class=""operation-item"">",0134168K,école primaire sainte marthe audisio,Public,13014,,,0491561546,,ce.0134168K@ac-aix-marseille.fr,244,Conventionnelle et autres,23,NULL,NULL,NULL,NULL

